vehicle_make,vehicle_model,vehicle_standard_make,vehicle_standard_model,vehicle_trim,vehicle_body_type,derivative_id,advertiser_advertiser_id,public_reference,metadata_stock_id,vehicle_first_registration_date,adverts_retail_adverts_total_supplied_price_amount_gbp,adverts_valuations_adjusted_retail_amount_gbp,adverts_valuations_market_average_retail_amount_excluding_vat_gbp,imageId,num_images,spec_adjusted_valuation,price_position,median_price,method
Mercedes-Benz,190,Mercedes-Benz,190,null,Saloon,null,null,202412097139950,8a428ea9939b70870193acc1177255ee,1989-04-06T00:00:00Z,7850,null,null,7e8f5a64c1a04a3ba9da0857e91b8f38,11,null,null,6222.5,aa_rare
Alfa Romeo,2000,Alfa Romeo,2000,null,null,null,10020699,202504010833407,8a42a3ff95ece3df0195f2111d70797c,1973-08-16T00:00:00Z,39995,null,null,bc5d090d43704e65bca467d6fa4e395f,36,null,null,26749.5,aa_rare
Alfa Romeo,75,Alfa Romeo,75,null,Saloon,63afefa6d7a865f54673c02aa8e61b54,14916,202501258400730,8a42c0de9493ebd101949deb87d0757b,1989-03-01T00:00:00Z,10000,null,null,668671d81cd94d29ad49c38ae93678de,24,null,null,10000,aa_rare
Alfa Romeo,Alfasud,Alfa Romeo,Alfasud,null,Hatchback,null,10030876,202308190989537,8a4287d78a08db97018a0f9c803f6eee,1981-07-07T00:00:00Z,11990,null,null,eb6680d2bbe9464db5321d7caafe96d0,48,null,null,11990,aa_rare
Rolls-Royce,Cullinan Series II,Rolls-Royce,Cullinan Series II,null,SUV,5ae93677895c4d28b32dc7b6b9e0b2e9,10043831,202504020876459,8a429b5895f60d260195f708ffc66f73,2025-03-01T00:00:00Z,398990,null,null,fb9020a2edc94bc29d8d072b61895861,32,null,null,449000,aa_rare
Cadillac,De Ville,Cadillac,De Ville,null,Saloon,null,null,202503310766129,8a42cec095d82edb0195eb7ea0b66d14,2002-04-01T00:00:00Z,12995,null,null,35ebf7f2a9f24c11b411781fb200104e,13,null,null,12995,aa_rare
Lamborghini,Diablo,Lamborghini,Diablo,null,Coupe,82112ad38bdb45f5689267aac8c3d143,15958,202503310795329,8a428bac95ece3dd0195ed9a3a722bc3,null,599950,null,null,8b6558eb5d734e02b84bb1b84695551f,21,null,null,599950,aa_rare
Toyota,Land Cruiser Amazon,Toyota,Land Cruiser Amazon,null,SUV,null,10036071,202411086087933,8a42907392fc8f3e01930c0278a4596f,2025-02-04T00:00:00Z,98995,null,null,6fea4646d4bf4d1698fb843db1d1ba6e,11,null,null,19990,aa_rare
Daihatsu,Midget,Daihatsu,Midget,null,Pickup,null,10040122,202412057017468,8a4293279395c3c00193964e3ebe445d,1996-08-01T00:00:00Z,7800,null,null,ba99c3e558fb4b37b9a502a02cddc9b6,20,null,null,7800,aa_rare
Mercedes-Benz,SEC Series,Mercedes-Benz,SEC Series,null,Coupe,null,null,202503280687056,8a42cd7495d82ee50195dd171e1938f5,1990-03-15T00:00:00Z,13500,null,null,56039a09baab490bb4ae5a28c29b33ec,17,null,null,14747.5,aa_rare
FORD,SIERRA,Ford,Sierra,null,Hatchback,84d9c65b64bf4e27494e45a488d96985,634185,202409053695098,8a4284df91c0ccdd0191c2bc19581418,1987-09-17T00:00:00Z,299995,null,null,7f91c73cc68e4700943d3b30cf0e7d31,6,null,null,37990,aa_rare
Nissan,Stagea,Nissan,Stagea,null,Estate,null,null,202504020886934,8a42d2d195f61ff70195f7d8dc375069,1998-10-01T00:00:00Z,13500,null,null,95d2d812740a43e7b9365ba443adc4e8,37,null,null,10725,aa_rare
BMW,Z1,BMW,Z1,null,Convertible,81a72791a56995cde13881db50c3cd29,738916,202504010808801,8a42bf3495ece3df0195f099e5a31d82,1990-06-27T00:00:00Z,59995,null,null,2f0b4210a69c40c2a6bcd8b0fd751b09,36,null,null,59995,aa_rare
MG,ZT,MG,ZT,null,Saloon,0719e3dea721780440b34db1f83dc4a7,10032589,202503310763738,8a42cd7495d82ee50195eb44ff8d5db0,2005-09-13T00:00:00Z,11995,null,null,5049999e2b134000ad71d2ff1df5db07,44,null,null,3162.5,aa_rare
BMW,X5 M,BMW,X5 M,Competition,SUV,8a600bb7289f406da20ed608c972a78d,703234,202503180278610,8a4298d595a359ff0195a9a48e2320e2,null,135295,null,null,d9e10016a65c43d98b3906192911ffdc,25,null,null,65447.5,aa_rare
Koenigsegg,Agera,Koenigsegg,Agera,RS,Coupe,null,10024317,202504010830860,8a42d63895ece3de0195f1eee58c4320,2016-08-12T00:00:00Z,3550000,null,null,ccac2daf71a8487c8d2851a1b0c719c2,68,null,null,3550000,aa_rare
Peugeot,106,Peugeot,106,Rallye,Hatchback,df08ebf6b0535c17cf67992b235332a2,10040111,202404158647115,8a42db7e8ed2d807018ee0d855477b58,2019-09-01T00:00:00Z,16950,null,null,db8599cf9644488e855f026b60d974c7,41,null,null,1495,aa_rare
Corbin,Sparrow,Corbin,Sparrow,null,Saloon,null,null,202410155219480,8a42b1e3928fda83019290727dfd777c,2001-02-23T00:00:00Z,8850,null,null,27605a19502b419a90a812e6f903196e,22,null,null,8850,shared_fpa
Audi,RS6,Audi,RS6,ABT 760PS LEGACY EDITION,Avant,null,10019123,202502209295607,8a42a3c694ffb5a7019522ae50f4739a,null,199995,null,null,4f4ccfe038604883a15e6719d3d3b2ad,62,null,null,24995,shared_fpa
Corvette,Stingray,Corvette,Stingray,null,Coupe,null,null,202502149112658,8a42e3a894ffb5a10195055c80160023,1979-09-01T00:00:00Z,15000,null,null,155b1d7dea694e4bb32b61b9faa2e7fa,24,null,null,25000,shared_fpa
Alfa Romeo,159 Sportwagon,Alfa Romeo,159 Sportwagon,TI,Estate,54563d82fa104512dc6ad3946e811b50,null,202503250564582,8a42c57895ccfe400195ce1d58782901,2010-03-26T00:00:00Z,7995,null,null,07eb4eb0f4894a549efa6085deffa75e,52,null,null,4675,shared_fpa
LEXUS,LS,Lexus,LS,null,Saloon,d76d1413085a42a08b5cbbc0faf38ac6,10039660,202504020890130,8a4288bc95f60d180195f83355e07f3f,2015-04-01T00:00:00Z,4950,7386,null,c75d71ea4b58429b840657cc209d6de8,53,7386,0.670186839967506,9995,shared_fpa
LEXUS,LC,Lexus,LC,null,Coupe,b1594635538d473698de66b2b087b95e,10042449,202410175316711,8a429c9d9299f1c401929be82da92568,2020-03-05T00:00:00Z,49995,55659,null,20b6f7fa6bce467eaec325e4322fe264,48,55659,0.8982374818088719,65995,shared_fpa
Mitsubishi,Lancer,Mitsubishi,Lancer,EVO X GSR FQ-300,Saloon,3d8dd8f71dfb4f369901be66f4200715,419909,202408042523558,8a42ff06910d040201911dcaeba071a4,2009-01-06T00:00:00Z,12950,null,null,094d2dc74eae47ce9bd71497795e7a03,18,null,null,22000,shared_fpa
Dodge,Viper,Dodge,Viper,SRT 10,Convertible,null,10016692,202409103862535,8a42dbdf91c0ccd90191db84f74a02d1,1994-06-15T00:00:00Z,47950,null,null,0612547b40c54e96b46cda14af8dc322,73,null,null,47950,shared_fpa
Nissan,300 ZX,Nissan,300 ZX,null,Coupe,null,null,202408293435670,8a42b2c8919eaa2c01919fd0ac103e64,2003-09-01T00:00:00Z,15800,null,null,8f44a3c203fd45269caf3980454b2498,19,null,null,15800,shared_fpa
BYD,Seal U,BYD,Seal U,Boost,SUV,4306237a512f4db5af7b5f9b5c95aef2,10043158,202502179180419,8a42e3a894ffb5a101951396cd4a3985,2024-09-16T00:00:00Z,29290,28819,null,b48d39030a7944be865b199bf9e57e90,20,28819,1.0163433845726777,32989.5,shared_fpa
Dodge,Challenger,Dodge,Challenger,null,Convertible,null,null,202312134784273,8a42d68d8c630c16018c639a1f816158,2016-08-21T00:00:00Z,27995,null,null,57d3fb5cc55f46e2b4b348851fff56c5,18,null,null,74995,shared_fpa
AK,COBRA,AK,Cobra,null,ROADSTER,null,102424,202310052677057,8a42d8128af60f3f018afe99ac290e4a,2022-06-01T00:00:00Z,57900,null,null,cbd8c43468354d9f842dcc80d57800f6,40,null,null,48747.5,very_rare_expensive
Aston Martin,DB6,Aston Martin,DB6,null,Convertible,null,722477,202502118984950,8a42d72194f4575d0194f53910b1213b,null,749950,null,null,39532c085ca64daf920ebf593a1b7cc5,50,null,null,274920,very_rare_expensive
Hummer,H3,Hummer,H3,EV,Pickup,null,671479,202411266743469,8a42d7129368479b01936855315c15bf,2024-09-01T00:00:00Z,174995,null,null,5a6917230c08460a969bf8ece5784e5d,12,null,null,13490,very_rare_expensive
Jensen,Interceptor,Jensen,Interceptor,null,null,null,10008773,202504020872096,8a42d64395f60d210195f6cfcbe904a4,1984-07-04T00:00:00Z,149950,null,null,9885529337b74857b66daa37ded0e42e,34,null,null,69990,very_rare_expensive
Lancia,Delta,Lancia,Delta,Integrale Evo II,Hatchback,null,10017525,202504071049833,8a42a60095fc473001961007d0133ec2,1994-05-01T00:00:00Z,119950,null,null,fba6a387656b4d368b888fef92619a32,54,null,null,79975,very_rare_expensive
Porsche,911,Porsche,911,null,Coupe,null,18032,202504081106074,8a42a60095fc4730019615effce22da2,1973-07-01T00:00:00Z,1100000,null,null,6691c12369a644f6b8a354966629f2ae,26,null,null,79989.5,very_rare_expensive
Porsche,918,Porsche,918,null,Convertible,null,17270,202504010802689,8a428bac95ece3dd0195efaca0be666d,2015-06-09T00:00:00Z,1250000,null,null,dd20cc6e8277498e944b4f15b5fdb573,46,null,null,1250000,very_rare_expensive
RBW,Roadster,RBW,Roadster,null,Convertible,90be55d36f114eafa0de526f67a08905,10044762,202504030900398,8a429b5895f60d260195fac61de4426f,2024-09-01T00:00:00Z,126000,null,null,f467911a73b44915be92e48f46c8a52b,19,null,null,126000,very_rare_expensive
Honda,CR-V,Honda,CR-V,Advance,SUV,08a4865bd42d42e38533252121b7c202,104838,202401275958228,8a42a0d18d4595d3018d4aef225b4c19,null,45470,null,null,94d5d9180b4146c4aa5d3d463963354a,37,null,null,12989,1st_FPA_Client
Citroen,C3,Citroen,C3,null,Hatchback,67054ffd68184aaf8cf16d4493ee77bf,13993,202309051595576,8a42c21d8a64e227018a66aa0e344939,null,16399,null,null,b51d02ed6e314c84b52ed05e7157d854,16,null,null,8495,1st_FPA_Client
Vauxhall,ADAM,Vauxhall,ADAM,JAM,Hatchback,5f145e51a978499ea4a1b4a8b9f2d40e,10039544,202405079463010,8a42c4228f52a61a018f544683f33e89,2016-06-30T00:00:00Z,2500,5496,null,1dd31513f8ae4b60b1b2db82432e8f43,39,5496,0.45487627365356625,5500,1st_FPA_Client
Volkswagen,Golf,Volkswagen,Golf,Match Edition,Hatchback,44c309b98b5641f1802e024055175ed6,10038862,202503150179439,8a42ca8c958f5e4901959a2ddfb06216,2017-03-01T00:00:00Z,9549,9741,null,e8ed12d80f5a4826aa7b3908bdb266ea,41,9741,0.9802894979981521,13995,1st_FPA_Client
RENAULT,MEGANE,Renault,Megane,null,Hatchback,3a1eba95c4d25b9dae4e7908f5eef77a,10040263,202407161847962,8a42bf3390a6e73a0190bd4388aa03c1,2008-03-01T00:00:00Z,4990,null,null,7ca50eb212304c3a826ba6ba96ef07b5,27,null,null,3995,1st_FPA_Client
Omoda,OMODA 5,Omoda,OMODA 5,Comfort,SUV,d175a870d5bd446badd18e1ec33b2f83,10042146,202409023554739,8a42bfc091a3f6430191b2f3d3e63dc3,null,22690,null,null,3f3b5fcb0df64d76a6ceb0ff6d31a6b4,25,null,null,25235,1st_FPA_Client
Audi,RS3,Audi,RS3,Carbon Vorsprung,Hatchback,fbbaf87c9cd341508b97471dd9c98647,10026396,202502189243070,8a42c80d94ffb5a801951abfd2063b04,2025-01-23T00:00:00Z,69999,66170,null,8c2665ccecc542fe932e1a910c23fd59,57,66170,1.057866102463352,47062.5,1st_FPA_Client
Ford,Fiesta,Ford,Fiesta,Titanium,Hatchback,2dbed2ab59d9454fad9deaf1b9cd7d94,280859,202409033585876,8a42efe291a3f6460191b738b7ad134d,2014-09-05T00:00:00Z,2795,5129,null,4f55c14ff0b4471684110018829947e9,10,5129,0.5449405342171963,6450,1st_FPA_Client
Mercedes-Benz,CLK,Mercedes-Benz,CLK,AMG,Convertible,211748f05f0ef6d0f02fdb1197afe92c,null,202501137991464,8a42d000944fade3019460bed9b94e14,2005-11-25T00:00:00Z,3900,null,null,1a15c3356312428a80d3c5278fa3fbef,7,null,null,3195,1st_FPA_Client
MG,Cyberster,MG,Cyberster,Trophy,Convertible,9370b0fe92144e2b96032b2780660f08,3926,202410074916657,8a42a37192669795019266b6355247c1,null,54990,null,null,1dfad336e48746058e3262d805e0f136,19,null,null,56891,1st_FPA_Client
Audi,A1,Audi,A1,SE,Hatchback,73a0cf861f2146c99f45bbfa408b40f3,10043339,202411226640583,8a42a8e7934eaa31019355d28e3c1b3d,2012-07-27T00:00:00Z,4000,4753,null,9fbf92e3cbbf472188ea523030b3fd3c,29,4753,0.8415737428992216,14500,1st_FPA_Client
Ford,Focus,Ford,Focus,Titanium X,Hatchback,f70668f4b740491a9b4833269801d320,10025906,202411086080193,8a42907392fc8f3e01930b5d2cf811fc,2017-10-02T00:00:00Z,5594,8096,null,03134d8f2cfe4c5f82e40f20affcc51a,50,8096,0.6909584980237155,9495,1st_FPA_Client
Mercedes-Benz,A Class,Mercedes-Benz,A Class,AMG Line,Hatchback,9a0aecd5f0254d98a5695d6f975813f5,155867,202503039696336,8a42e4a6954d73a101955c7a50aa4ca5,2018-03-01T00:00:00Z,11490,11263,null,6920bfb48e3142ac9f0eba10b2ec0e80,31,11263,1.0201544881470301,16490,1st_FPA_Client
McLaren,650S,McLaren,650S,null,Convertible,c325f45003504ede96c7f8f8d8d38c69,926077,202503049751051,8a42a0229560e2120195623f719933e5,2014-10-30T00:00:00Z,94980,null,null,819148211ddf451594f58571c996b0f7,76,null,null,90995,1st_FPA_Client
ASTON MARTIN,VANTAGE,Aston Martin,Vantage,null,null,6b56786eb6cd459ab4f277be60e9dbd0,10041235,202502038699545,8a42902494bbf8d10194ccb6968c07f6,2018-04-26T00:00:00Z,64390,64645,null,8016cb834f41400bbd64f1f8e4664058,24,64645,0.996055379379689,49990,1st_FPA_Client
LAMBORGHINI,URUS,Lamborghini,Urus,null,SUV,ae0c364bb3e445ddbac87e7a9d70d993,10041235,202407292283100,8a42b7d490e943ec0190ffad0a4c401f,2019-10-03T00:00:00Z,145000,null,null,d14bc1e4c6234aaa91d63fd269722790,44,null,null,209992.5,1st_FPA_Client
Land Rover,Defender 110,Land Rover,Defender 110,SE,SUV,efe20c3db1da4bb8a4f903ee71553ce5,10005737,202503190314544,8a42d35195a35a050195ae2d26056769,2020-12-21T00:00:00Z,53990,54863,null,57539c328ff742b5977bbff9607ad999,50,54863,0.9840876364763137,63995,1st_FPA_Client
Suzuki,Jimny,Suzuki,Jimny,SZ5,SUV,null,966841,202502189234986,8a42c80d94ffb5a8019519e289616b8a,2024-07-01T00:00:00Z,24995,null,null,b5c19eb447e34b82afc93b7c23ef8003,100,null,null,15995,1st_FPA_Client
Porsche,Boxster,Porsche,Boxster,986 S,Convertible,67ffd95d0ef7726ce22a8f44273f3e09,null,202405230029379,8a428b748f8633e7018fa75bcac8718c,2002-06-17T00:00:00Z,4995,null,null,53479a1124fa47ddb358438b3f6467c5,32,null,null,13000,1st_FPA_Client
Volkswagen,Polo,Volkswagen,Polo,S,Hatchback,fb32f2e38cc741aebec0b039107e8456,10026746,202503220459148,8a42cbf895b3cd1e0195bed0e2275c50,2009-12-10T00:00:00Z,2999,null,null,ea19e395ef7640ea891e89cdbd767204,31,null,null,12899,1st_FPA_Client
Vauxhall,Corsa,Vauxhall,Corsa,Energy,Hatchback,a9a51f7ac0044e1bbb93edc2e70153d0,10038862,202501137982061,8a42d000944fade30194601fd8260ead,2013-04-30T00:00:00Z,2995,3231,null,bed15a4823ab469dbf91752fccd0e63f,32,3231,0.9269575982667905,8299,1st_FPA_Client
Audi,A1,Audi,A1,Sport,Hatchback,faf9592e2682428a95f61b56b762a317,null,202403147560955,8a42b1b48e32614b018e3d72300b6c95,2011-04-15T00:00:00Z,3000,4838,null,fa7b90b05fdb4635a9c13e6720ad36bc,15,4838,0.6200909466721786,14500,1st_FPA_Client
MERCEDES-BENZ,A-CLASS,Mercedes-Benz,A Class,null,Hatchback,4e184202ad244f64b06d84dd50dd20aa,766386,202502209301489,8a42a1a094ffb5a90195232b27f73c88,2021-01-28T00:00:00Z,16490,17024,null,cdd052d76f984482821cb44028a58432,18,17024,0.9686325187969925,16490,1st_FPA_Client
Audi,S3,Audi,S3,null,Saloon,96d7af4da01b4d7fbbbbb512a58aec83,745504,202502289605277,8a42978d95422cab01954d3a39c067b8,2015-10-01T00:00:00Z,13989,18320,null,17a1b1b0dd104b8bb629e0a27d8388ca,11,18320,0.7635917030567686,19995,1st_FPA_Client
AUDI,S5,Audi,S5,null,Coupe,d29fe466d9834839b233ca7efd763513,10002793,202503180273520,8a428dd995a35a060195a9480bc152dc,2017-03-13T00:00:00Z,24589,22997,null,f7d961fc1c5a426b8f726a40b2139e08,72,22997,1.0692264208375006,19047,1st_FPA_Client
Alfa Romeo,Giulietta,Alfa Romeo,Giulietta,Cloverleaf,Hatchback,62523d53161e49db81ad60dbc6a18940,10011305,202503049748204,8a42edfd9560e2110195620bb85c45e8,2012-03-31T00:00:00Z,4960,4912,null,de4bc2fc36844040af9fb7ea5baf85a9,38,4912,1.009771986970684,5799,1st_FPA_Client
Jaguar,F-PACE,Jaguar,F-PACE,R-Sport,SUV,faf7b08e8fd54d1a94227b21daa3b839,null,202502259490025,8a429d3b9529314c01953e515f2f1922,2017-09-04T00:00:00Z,5500,11180,null,070ca4ae9abe43a294615c454431df5d,25,11180,0.4919499105545617,27870,1st_FPA_Client
Land Rover,Range Rover Sport,Land Rover,Range Rover Sport,SE,SUV,8de9c8e99c464e95ba6cfad02ba764a8,10024001,202401135530695,8a42e8bb8cfddac5018d045a156d10eb,2011-12-21T00:00:00Z,2000,8270,null,737c1865fce7445b938a31836c90470e,24,8270,0.2418379685610641,33839.5,1st_FPA_Client
Audi,RS3,Audi,RS3,null,Hatchback,b0624e1fa86146c18fdd25ed19ed8b60,10041653,202411146294812,8a42ab9d9325e1b501932b7555a63429,2015-09-11T00:00:00Z,17995,22762,null,6698ecd3b4144a208362cc1c3cec99c2,65,22762,0.7905720059748704,47062.5,1st_FPA_Client
Audi,S3,Audi,S3,Black Edition,Hatchback,c50508f7629c49f9baf70626f40b48eb,10039811,202504020892694,8a42f09f95f60d220195f8b1a4e049a2,2019-05-24T00:00:00Z,19999,26612,null,236b31910ba8429bb688aca7dc306700,83,26612,0.7515030813166992,19995,1st_FPA_Client
BMW,1 Series,BMW,1 Series,Shadow Edition,Hatchback,ba7aad60f6b34a6daa4c9408ec4024d4,10041859,202502209327555,8a42ad0094ffb5aa019525c5ba1e08ec,2019-01-25T00:00:00Z,20495,20540,null,abcd1fc3cce74bba9367b829e11f4998,58,20540,0.997809152872444,12995,1st_FPA_Client
Audi,RS6 Avant,Audi,RS6 Avant,GT,Estate,32c9006db4834a949729046e260528f9,728450,202410034780292,8a420b8e91fee4be019251af21f42f3b,2025-03-01T00:00:00Z,214975,null,null,eb02e8b702dd4235ad85336d7b018812,26,null,null,69970,1st_FPA_Client
BMW,M3,BMW,M3,Competition,Saloon,1449bdac632646fab7d76b483a187318,10039734,202503160204270,8a42b7b0958ef66201959f4c4bbd5428,2021-09-01T00:00:00Z,51750,50588,null,2843aa7e4f344a62a82dc1e9bb48fc68,45,50588,1.022969874278485,33437.5,1st_FPA_Client
BMW,3 SERIES,BMW,3 Series,null,Saloon,64ee0cf7cd51415391dca0b0f21d85d9,766386,202502279562333,8a429cf695422cb701954800d80e6306,2019-07-24T00:00:00Z,18990,18881,null,6e16fbe727364a5fbd095769c002a259,21,18881,1.0057729993114772,14790,1st_FPA_Client
Volkswagen,Golf,Volkswagen,Golf,R,Hatchback,0fedf473073e4717b79c38b21b51b95e,10030474,202502239411666,8a42ecae95293146019533e82922575c,2020-03-11T00:00:00Z,20750,21702,null,20e7f9a004d0404f92662dfce27d6d4d,30,21702,0.9561330752925997,13995,1st_FPA_Client
BMW,3 SERIES,BMW,3 Series,null,Estate,474ef06f015c4f788d24ec71d44a65cb,10036688,202503150182217,8a42c084958f3c0901959a6cea950e49,2017-06-26T00:00:00Z,6945,2572,null,199a41416f424917aa242760633ea17c,73,2572,2.7002332814930017,14790,1st_FPA_Client
Audi,RS5,Audi,RS5,null,Hatchback,08b5211c4e4748adbda15c38da5a6639,10005737,202407201966607,8a42adab90cab25e0190cf093c6b2292,2020-09-08T00:00:00Z,43990,43124,null,a0363a9f615040dbbd5e77816aed2e15,66,43124,1.0200816250811613,36949.5,1st_FPA_Client
Audi,RS3,Audi,RS3,null,Saloon,c4b656c19c8b4a5fa349cdc651ec2bc0,10036877,202501178140823,8a42b291946ecf1c0194756bf53b2c65,2022-05-17T00:00:00Z,39989,42285,null,129201255a274839beec2c9dd21d2c6e,47,42285,0.9457017855031336,47062.5,1st_FPA_Client
Audi,A5,Audi,A5,S line,Hatchback,7db4440b4848480f9cfd4fc52dbf88e2,10036877,202411146300107,8a42eebc9325e1b401932bf7428c7a9c,2020-08-24T00:00:00Z,19489,20767,null,d84605c348ea4f11b4b984c276736cb6,40,20767,0.9384600568209178,16998,1st_FPA_Client
BMW,8 Series Gran Coupe,BMW,8 Series Gran Coupe,null,Saloon,e31c4fbb383c4cc191e7e06857cf0b60,10036877,202502149112763,8a42e3a894ffb5a10195055f8cf204c6,2020-01-01T00:00:00Z,32989,32428,null,2854ce3d39eb4c42b1418cb8f4fc5c26,61,32428,1.0172998643147897,36990,1st_FPA_Client
BMW,1 Series,BMW,1 Series,null,Hatchback,2c37c2b4f15345a9bd6824576596a7c9,10019514,202503089915605,8a42c6e6957187a3019576a93ce468b2,2014-09-01T00:00:00Z,13995,15217,null,1c6a6449f3a249f5abbeeec12a164ef9,66,15217,0.9196950778734311,12995,1st_FPA_Client
Audi,A1,Audi,A1,S line Style Edition,Hatchback,82a9933c7fa944ee90185ebd7da5b915,10011731,202502088901080,8a42bb9794d64fa00194e6a7d7f44b08,2013-10-18T00:00:00Z,5995,6637,null,2fe5cf54a46a4556a1dddbb2e1c01812,27,6637,0.9032695494952538,14500,1st_FPA_Client
BMW,M3,BMW,M3,Competition M,Saloon,3efb0538c6c4445fae73b30638a3f6a5,10001653,202502108935307,8a429f8794d697c10194ef5c6508001e,2023-03-01T00:00:00Z,71480,69054,null,1447b7e266354a45bc51eb05bfa1342d,100,69054,1.0351319257392766,33437.5,1st_FPA_Client
Volvo,XC60,Volvo,XC60,Momentum,SUV,b86f4add54da42378777e3464950df53,10032345,202503069833108,8a42f00d956b3b1e01956c2893ab34ab,2020-11-30T00:00:00Z,24295,25589,null,747c978639aa43ff940fd739b865727e,29,25589,0.949431396303099,28985,1st_FPA_Client
SEAT,Leon,SEAT,Leon,Cupra 300,Hatchback,0bb11686f8a345118d833334859dd29f,294981,202501288483945,8a42bd6794ac22c90194acd4c3e27fc2,2018-01-10T00:00:00Z,16488,17114,null,7f8f20cb4e0c46a68cf4af84dd873c80,43,17114,0.9634217599626037,10692.5,1st_FPA_Client
Audi,S3,Audi,S3,null,Saloon,77a2ef1ed0634552b789d942862aa109,10034271,202412277567989,8a42c89e93f2fcd801940a3b5b520d7b,2014-12-02T00:00:00Z,15000,15086,null,70417e03671d48fa88447e83f4bb9274,48,15086,0.9942993503910911,19995,1st_FPA_Client
Lamborghini,Urus,Lamborghini,Urus,null,SUV,ae0c364bb3e445ddbac87e7a9d70d993,10005737,202503110016699,8a42e92f9585cc49019585e1a2204271,2021-03-23T00:00:00Z,158990,null,null,8ddd0bf8ac7e43cd97e37a165f74b36f,55,null,null,209992.5,1st_FPA_Client
HYUNDAI,I20,Hyundai,i20,Edition,Hatchback,1716518cb2ad47b2a074447876e0eca6,10019916,202502139083791,8a42a3c694ffb5a70195015a2417641c,2011-07-28T00:00:00Z,2795,2481,null,94ca645485894c36a0929860915d69ea,44,2481,1.1265618702136235,13600,1st_FPA_Client
McLaren,600LT,McLaren,600LT,null,Coupe,65e3321d217c47639fc6379f0ea07694,618902,202503120061813,8a4290e99585cc4401958b1ea0550aec,2019-03-26T00:00:00Z,129990,null,null,8921e2ce89ad4641b4fb963722d145c7,45,null,null,135000,1st_FPA_Client
Volkswagen,Golf,Volkswagen,Golf,R,Hatchback,6ef2dc0d3d86455c9c1f030f9bd0ffa4,10011954,202502239413823,8a42c7009529314f0195344963ee5d60,2023-04-29T00:00:00Z,37295,38003,null,d3f57edc663d465886071ddfc80724ae,32,38003,0.9813698918506434,13995,1st_FPA_Client
Audi,A3,Audi,A3,S line,Hatchback,906031e5608743abbb8286f5332297d9,10040266,202502139065158,8a428aeb94ff98bf0194ffa2e5671982,2014-03-14T00:00:00Z,8490,9733,null,7169b8183be4420f86eadccde70d1513,18,9733,0.8722901469228398,14995,1st_FPA_Client
Audi,RS4,Audi,RS4,null,Saloon,6a9a2d3141b822262174c7befda656aa,1307,202502189242116,8a42c80d94ffb5a801951aa3740e100e,2007-06-30T00:00:00Z,69990,null,null,b1f9462acfb04c3daaf26aa69918dae2,40,null,null,20495,1st_FPA_Client
Mercedes-Benz,GLA,Mercedes-Benz,GLA,AMG Line Edition,SUV,4421e42c8b8d4d3b9a200dab7e75d41f,10039981,202502289614682,8a42e4a6954d73a101954e11edae0f90,2020-01-24T00:00:00Z,20000,20019,null,2525463ec9e24d7986a4f6b711421bb8,89,20019,0.9990509016434387,16440,1st_FPA_Client
Audi,A1,Audi,A1,Sport,Hatchback,921fd8ffff2c4439a42810e77227a5fb,736423,202311133918482,8a42ce9e8bc8d17d018bc9c0826f35ac,2014-06-01T00:00:00Z,7995,10988,null,efb3dc3e55ed4d1bacbb95f138105dff,29,10988,0.7276119402985075,14500,1st_FPA_Client
Ford,Focus,Ford,Focus,ST,Hatchback,d9fee8ef4d3d4523a776dca3f0daeb4f,10034271,202502088895672,8a42bb9794d64fa00194e612c0f759ea,2020-07-02T00:00:00Z,15989,17166,null,1b6301858ef344629758974ad588b168,66,17166,0.9314342304555516,9495,1st_FPA_Client
MERCEDES-BENZ,S CLASS,Mercedes-Benz,S Class,null,null,84662012a2894f3cbd845630fd0600ab,10005409,202501148006765,8a429e72944fade201946444ed497c38,2015-02-02T00:00:00Z,53950,null,null,778a7d667e8644deb93749cfb67c2095,79,null,null,22800,1st_FPA_Client
Ford,Mustang,Ford,Mustang,null,Coupe,72c53e185de54fc6a3065c607e277cc8,618902,202501248358141,8a42d7fc9493ebc1019497fdf3d87070,2016-09-21T00:00:00Z,19990,19834,null,434c21013fa941faaf6e02a6996d701a,44,19834,1.007865281839266,32750,1st_FPA_Client
Jeep,Grand Cherokee,Jeep,Grand Cherokee,Trackhawk,SUV,69ec4fe5a642406a90fec78597588a68,10025497,202503019636357,8a42f047954d73a1019552071c3522ba,2019-07-31T00:00:00Z,99995,84160,null,d6e04e3b9084483aa4a7b2e3c7c5a2a1,48,84160,1.1881535171102662,12995,1st_FPA_Client
Land Rover,Range Rover,Land Rover,Range Rover,SV,SUV,1bec8cecb9604ca99967d1229c6fe302,10027674,202502209304963,8a42ac7294ffb5ab01952368608a64a2,2025-02-20T00:00:00Z,389990,164428,null,cad6f86fefe044089b5560354b32bd51,43,164428,2.371797990609872,39369.5,1st_FPA_Client
Ford,Fiesta,Ford,Fiesta,Style,Hatchback,47230ba254c7fe85d869c6ef1376eb40,10016035,202503180297589,8a42b0e195a35a060195aafcda204b36,2009-04-14T00:00:00Z,2400,null,null,db79cb6a53004200a33eaebd5384a8ae,21,null,null,6450,1st_FPA_Client
VAUXHALL,CORSA,Vauxhall,Corsa,null,Hatchback,01f360ecbb4f4a8695224bafc4ad35f4,10033778,202403057227062,8a4298608e0b0e54018e0e82108a701c,2013-03-27T00:00:00Z,1299,2416,null,7a90174d11df4b51a7c2d894bfc8fa57,45,2416,0.5376655629139073,8299,1st_FPA_Client
Honda,Civic,Honda,Civic,Si,Hatchback,c376ae25932bf36da248eea07ce9f542,10038862,202501127958636,8a42b27a944fade501945b4d98e2381a,2010-03-17T00:00:00Z,5495,5505,null,d2be469a61894e3384b64cb5514b5f2e,34,5505,0.9981834695731153,8999.5,1st_FPA_Client
SEAT,LEON HATCHBACK,SEAT,Leon,null,Hatchback,3193b4f964244358b83ac5895c032774,67914,202503049728068,8a42d69e954d73a4019560b5e44317ec,2021-09-03T00:00:00Z,12995,13690,null,541124d9a0d548e4b1608864f73fcdac,22,13690,0.9492330168005844,10692.5,1st_FPA_Client
MERCEDES-BENZ,E 350,Mercedes-Benz,E Class,null,Saloon,bfe650f55ac04802ba3c275e24188807,766386,202501278446175,8a42bbe494a724ac0194a7e29fc430af,2020-01-30T00:00:00Z,19980,20645,null,dca491bd835845c8a28ffdc43a321d5c,18,20645,0.9677888108500847,14999,1st_FPA_Client
Jeep,Grand Cherokee,Jeep,Grand Cherokee,SRT Night,SUV,4588871676284a7aa3c42b0aa9350553,10008420,202502149098102,8a42ad0094ffb5aa0195045411371eae,2016-11-03T00:00:00Z,24990,25988,null,83fa2562a63b44df91350d4205911438,60,25988,0.9615976604586732,12995,1st_FPA_Client
BMW,3 Series,BMW,3 Series,M Sport,Estate,ba2d32ef106d4e799df02e1545f03f18,10028662,202503019638157,8a42c755954d73980195522e0eb114a3,2013-12-30T00:00:00Z,4450,6633,null,ca59b88e6dd04edb99406d3f0d6cf692,18,6633,0.6708879843208202,14790,1st_FPA_Client
Volkswagen,Tiguan,Volkswagen,Tiguan,R-Line,SUV,09486696375440d2bf7a9218ccd01f53,1418898,202503079857893,8a42de88956b3b23019570133e1d3285,null,55995,null,null,92a986a18af342119fe9f4a5997c4a31,61,null,null,21298,1st_FPA_Client
Porsche,911,Porsche,911,992 GT3 RS,Coupe,875957631c844c338fc2e77398492324,1307,202501148004080,8a429e72944fade201946406758c7847,2024-03-19T00:00:00Z,309990,null,null,ab61cef1661849af9aae2430cc87e50f,41,null,null,79989.5,1st_FPA_Client
BMW,X5,BMW,X5,M Sport,SUV,b8903a64c00b4de4abc9cc8d2f96e108,618902,202503079858058,8a42d4f1956b3b210195701531ff2d52,2020-10-02T00:00:00Z,34990,33714,null,bef8247456ff43c0829ddb79988fed46,50,33714,1.0378477783710032,39925,1st_FPA_Client
Mercedes-Benz,A Class,Mercedes-Benz,A Class,Sport,Hatchback,null,null,202503059799924,8a42ed3b9566aa06019567fc2a57650c,2013-03-01T00:00:00Z,5299,null,null,45598d5a59ba4c10805a3155605a0eb4,23,null,null,16490,1st_FPA_Client
Mercedes-Benz,A Class,Mercedes-Benz,A Class,SE,Hatchback,266340be4e984452b9db055bce287fa0,null,202503280700552,8a42cec095d82edb0195de01368e1318,2015-02-13T00:00:00Z,4490,6928,null,fce7f0c3ac824e6eb4683a8616a6c3f6,17,6928,0.648094688221709,16490,1st_FPA_Client
BMW,3 Series,BMW,3 Series,M Sport,Saloon,63bba9933b5f4650822240c153e7c825,10035248,202502038704389,8a42b9c494bbf8ce0194cd0f98dc7014,2017-09-29T00:00:00Z,19795,20247,null,fbd35ab281884ab5a2a1e60c3b3ed301,56,20247,0.9776757050427224,14790,1st_FPA_Client
Porsche,911,Porsche,911,997 Carrera,Coupe,149cd785a0b8978f5db090bfd45e9e51,722882,202503110023343,8a42d71f9585cc48019586505b0c4bea,2005-07-20T00:00:00Z,28995,null,null,8535aa79985a44d398f5d17d1ecb66da,5,null,null,79989.5,1st_FPA_Client
Kia,EV3,Kia,EV3,GT-Line,SUV,7782250270d74ecd91d0527e711a1c48,555376,202502189229406,8a42ac7294ffb5ab0195198d68aa3452,null,38250,null,null,ceab756ebf274116b33ea7c950eb3f52,53,null,null,39999,1st_FPA_Client
Mercedes-Benz,GLA,Mercedes-Benz,GLA,AMG,SUV,ae95b9d3d2bd43cd8030dc05fea86fa0,null,202503130085237,8a42d71f9585cc4801958eea28a6232c,2015-01-09T00:00:00Z,13995,16293,null,c223909a2db64514a75605263ae5b4cf,38,16293,0.8589578346529184,16440,1st_FPA_Client
BMW,3 Series,BMW,3 Series,M Sport,Convertible,969446d6646f4f89b3518733722858e3,null,202503160194947,8a42a590958efefa01959d3a98a23a49,2008-07-07T00:00:00Z,4995,null,null,c89cdf06ccdc45df932ea7c22d32336f,21,null,null,14790,1st_FPA_Client
Mercedes-Benz,A Class,Mercedes-Benz,A Class,AMG Line,Hatchback,e6fa9538cbfe44ef9c5d918218c84f78,10042198,202501148007984,8a42e125944fade701946460589b1a8f,2020-02-28T00:00:00Z,15880,17454,null,d5b919140b3a453c80eddda91a88f5ff,45,17454,0.9098200985447462,16490,1st_FPA_Client
BMW,M3,BMW,M3,Competition M,Saloon,3efb0538c6c4445fae73b30638a3f6a5,72916,202503089922897,8a429f5b95718798019577e14e052c9f,2022-12-22T00:00:00Z,62990,62818,null,dd34536aaf2b4c53acec34d1cd31dec4,88,62818,1.0027380687064218,33437.5,1st_FPA_Client
AUDI,Q8,Audi,Q8,null,SUV,17543cbfe34c47579130a9088fc4b81d,10002793,202503089907555,8a42c6e6957187a3019575dc92f50f8d,2018-09-26T00:00:00Z,36489,36106,null,8b4f3ae2cce84db6acfdee22ca9ecff0,62,36106,1.0106076552373566,47499,1st_FPA_Client
BMW,M5,BMW,M5,null,Saloon,b27bb93be5f84cd89f2c5a3dc06ed0dd,72916,202410295719100,8a42c1ce92d2bc1e0192d874bee22a40,2018-03-31T00:00:00Z,39990,40420,null,8988f488939b411eaeb3f1fe4e58107e,91,40420,0.9893617021276596,45175,1st_FPA_Client
Renault,5 E-Tech electric,Renault,5 E-Tech electric,techno,Hatchback,3edd63d185b14a76abd78850dfebb26c,596668,202503079857986,8a42de88956b3b23019570142387364b,null,26995,null,null,c2ae014a74594c1b9dca9b62916a22e8,21,null,null,30120,1st_FPA_Client
Volkswagen,Polo,Volkswagen,Polo,SE,Hatchback,2c4921defaa344caa648a935d9acb776,null,202502118997381,8a42b6ed94f457530194f619bf1164fe,2010-07-03T00:00:00Z,2995,3639,null,83775bad47ef4bcd891f252b2382e912,15,3639,0.8230283044792526,12899,1st_FPA_Client
MAZDA,RX7,Mazda,RX-7,null,Coupe,null,10028702,202409164083785,8a42ddc191e0466e0191fa989499293f,2018-12-20T00:00:00Z,34999,null,null,c1d3a945ff464f40815e99be59abcdd6,35,null,null,24949.5,1st_FPA_Client
Suzuki,Jimny,Suzuki,Jimny,SZ5,SUV,1fbd56d09f75481285b63025bd6f1a93,null,202503049736737,8a4297e49560e2110195615da8ca3886,2019-03-01T00:00:00Z,44995,null,null,188ddb2be85d4dac975a1c3c0b2e3b53,31,null,null,15995,1st_FPA_Client
Mercedes-Benz,CLE,Mercedes-Benz,CLE,Black,Coupe,0841c77a139a4d2fb88605c6124502ce,12438,202412127220311,8a429b9093b6d5440193bae4120b5987,2024-09-19T00:00:00Z,80000,77701,null,c36a2cd52f1c476680be254346dc4d88,19,77701,1.0295877787930656,59685,1st_FPA_Client
Audi,RS3,Audi,RS3,Carbon Black,Saloon,6dced94a0a3448c7b3ab6a1ed388c8ea,10027357,202412217463313,8a4287a793e3f17e0193e8d3f0cc6327,2022-03-04T00:00:00Z,45795,47962,null,d8622a65a91745a4a6f64e7144ba76ee,41,47962,0.9548183978983362,47062.5,1st_FPA_Client
Audi,R8,Audi,R8,null,Coupe,3e75edd7a2034271beb3bfb9cf5f2639,null,202409013519369,8a42a0c491a3f63a0191ad04721555dc,2007-09-20T00:00:00Z,27000,null,null,090864dc687e42898dc953048639cda9,16,null,null,58995,1st_FPA_Client
SEAT,Ibiza,SEAT,Ibiza,Sport,Hatchback,24901f086ae14d7b8077643002edfa94,10038702,202503250555797,8a42c94a95ccfe300195cd97ad862f24,2010-12-11T00:00:00Z,3995,3564,null,79ef1bb5af09439489fdcedb0a2a1f72,16,3564,1.1209315375982043,8738,1st_FPA_Client
Peugeot,e-Rifter,Peugeot,e-Rifter,Allure,MPV,3386732584ce4ddcb7b2ff6c623eb817,11314,202501228281890,8a42d3e594883bd701948df13cef7e61,null,29999,null,null,a5b857194e8a4e69987de6df4cc67290,27,null,null,22299,1st_FPA_Client
BMW,3 Series,BMW,3 Series,SE,Coupe,e9daa6e6a0c74d0d84e6f144905c7651,null,202401316089550,8a42928b8d5f5579018d601e556e66fc,2007-03-30T00:00:00Z,1400,null,null,0d7be64be81540e9b5a1b761ce4ac190,12,null,null,14790,1st_FPA_Client
BMW,X3 M,BMW,X3 M,Competition,SUV,4407d432665048b4ab319b5de78db76a,10042312,202503059773427,8a428f8d9565e3340195660117e545fb,2019-11-23T00:00:00Z,39990,41263,null,556e322d7cca497386fdf3bc56068113,49,41263,0.969149116642028,49995,1st_FPA_Client
BMW,4 Series Gran Coupe,BMW,4 Series Gran Coupe,M Sport,Hatchback,973cfe53505c431a943944744743dd78,10035166,202503039709112,8a42ebb6954d73a201955d4616ba6bc3,2014-10-03T00:00:00Z,7700,8110,null,8735af7f58864ce7adf890b0f7f05ff0,51,8110,0.9494451294697904,17274,1st_FPA_Client
Vauxhall,Corsa,Vauxhall,Corsa,Limited Edition,Hatchback,c20c5ea41bf74fc9a4c5926bdfdd818d,10033428,202503120059686,8a42d71f9585cc4801958afa3fb477b8,2014-03-13T00:00:00Z,1250,2569,null,8d1c9f0664b240a1a5a5c41c6886a0ae,29,2569,0.48657065005838845,8299,1st_FPA_Client
Alfa Romeo,Giulia,Alfa Romeo,Giulia,Quadrifoglio,Saloon,0ab9ab5ab5284444b616aeb301cb6639,309178,202502279562749,8a42978d95422cab01954809353f1bdd,2022-07-28T00:00:00Z,184950,56374,null,bb73dbb7ad304e06946e2aca240b97fb,68,56374,3.28076772980452,23249,1st_FPA_Client
BYD,SEAL,BYD,Seal,Design,Saloon,985c6e1e7d5c4ca6bcc09862f2ab991d,10037359,202503039684659,8a42c755954d739801955bb5bfe00c1e,2023-11-10T00:00:00Z,31590,31976,null,fdb5b01e7bf44f918235ad161291f428,40,31976,0.9879284463347511,42490,1st_FPA_Client
Maserati,Levante,Maserati,Levante,null,SUV,cb8e398ceaea4265a78dce5e2f94afea,10005737,202410185347685,8a42e1b092a01fe60192a02b10801e91,2018-09-24T00:00:00Z,28990,25592,null,b41bfc34c2214fc6a9d476b6674119a9,43,25592,1.1327758674585808,29519.5,1st_FPA_Client
Volkswagen,Polo,Volkswagen,Polo,SE,Hatchback,762a444ecf8941238dd53514bc530b0f,null,202408283376024,8a42d7bb91973d65019199742ff71c87,2011-03-28T00:00:00Z,3900,5651,null,d7fdc441b17246888f4efdcd4bc427a0,37,5651,0.6901433374623961,12899,1st_FPA_Client
Renault,Zoe,Renault,Zoe,Dynamique Intens,Hatchback,ae8c077f3da143faa7bce90b417a2bea,null,202503109974281,8a42b5af957fe645019580d0dedc6cca,2015-06-15T00:00:00Z,1850,4012,null,ac24a2b7c9ff42d08d366f3464ad7e9b,13,4012,0.4611166500498505,10050.5,1st_FPA_Client
BMW,1 Series,BMW,1 Series,Shadow Edition,Hatchback,4df05371314f44d59f9fced4b13834f9,10042004,202503029668176,8a42cfbb954d73a70195581288904a47,2017-11-30T00:00:00Z,17995,19092,null,a0d0197b7a124d90b395871efdcf0a5c,20,19092,0.9425413785878902,12995,1st_FPA_Client
Audi,A5,Audi,A5,S line,Coupe,1b25e125238e4a18b14c83165580dcd5,404011,202502058780267,8a42b59294d67b4b0194d6f167554712,2018-03-09T00:00:00Z,15995,16067,null,69a22762e6ab432f806a90cea3d12ed4,20,16067,0.995518765170847,16998,1st_FPA_Client
Volkswagen,Golf,Volkswagen,Golf,GTI,Hatchback,affd0267e4f942eb844ae3da0853dd99,10026206,202502209302616,8a42c80d94ffb5a801952342a1004c74,2014-03-15T00:00:00Z,11748,11074,null,0354d1309d884dadb299f6d3f1cc5782,44,11074,1.060863283366444,13995,1st_FPA_Client
CUPRA,Leon,CUPRA,Leon,V2,Hatchback,4ef617f23f0b4b0aa5815289573157e8,15719,202412067050808,8a42d48a9396787f01939b52a87d1e32,null,31480,null,null,601c7b8a694e4ef1b616fa020bcacec9,17,null,null,26572.5,1st_FPA_Client
MG,MGF,MG,MGF,null,Convertible,d9ced05eac3d972637d02d4e04172d63,null,202503240513093,8a42b9f895b3cd130195c8afd1da084d,1998-08-03T00:00:00Z,250,null,null,c12ae68fd3214130afb0947fcbbe0659,17,null,null,3622.5,1st_FPA_Client
Vauxhall,Corsa,Vauxhall,Corsa,Energy,Hatchback,ca0b8da48a6f4eeead2d56d49c32a367,10039107,202503119996933,8a429331957fe63901958479942235ea,2015-12-30T00:00:00Z,1795,3755,null,1f37914306074da6b0e48d97498c7c8c,17,3755,0.4780292942743009,8299,1st_FPA_Client
BMW,3 Series,BMW,3 Series,M Sport,Saloon,50aeeb639bd4454a8935df13da386b76,null,202503099944981,8a42c7779571879e01957c99161621c6,2020-09-23T00:00:00Z,16988,17913,null,5f532c98ea354330a2daf03c5867ac0a,45,17913,0.9483615251493329,14790,1st_FPA_Client
Land Rover,Range Rover Sport,Land Rover,Range Rover Sport,null,4x4,5f418232b6134634b1a9192d38999e38,10009233,202503069810969,8a4297e89566aa0201956aa41c614267,2014-11-26T00:00:00Z,9000,12246,null,4bf581e544574624a8fb8fb70bd54517,41,12246,0.7349338559529642,33839.5,1st_FPA_Client
BMW,5 Series,BMW,5 Series,M Sport,Saloon,6941ce95244042818f82d0e20926e468,10036896,202502179205872,8a42a1a094ffb5a9019515bdd8ce43a7,2012-11-21T00:00:00Z,4495,5712,null,61627cb57cd944b28392ae527f515d9d,24,5712,0.7869397759103641,16423.5,1st_FPA_Client
MINI,Hatch,MINI,Hatch,One Graphite,Hatchback,d050aade02614ff18d6a2835ae2f9574,null,202503120062257,8a42e92f9585cc4901958b25724e1070,2009-06-29T00:00:00Z,1699,null,null,93d0e021177d46b39eea1c21d984fb81,9,null,null,11560,1st_FPA_Client
Audi,Q3,Audi,Q3,S line Plus,SUV,ece25331e92140bb9d03563a7ba8d769,10042684,202502118991263,8a42d9d094f457640194f5a9fdf75b40,2024-05-03T00:00:00Z,6995,15382,null,633ece9b8f484741b55634780c43be33,22,15382,0.4547523078923417,22990,1st_FPA_Client
Honda,Civic,Honda,Civic,SR,Hatchback,96969ce1f2bd40bbb995a8c54d7ca89f,10037918,202408183021688,8a4293a191501f40019166c0011333dc,2019-03-25T00:00:00Z,6495,8058,null,b59468719a6d4674820385b38244fd84,17,8058,0.8060312732688012,8999.5,1st_FPA_Client
MERCEDES-BENZ,S-CLASS,Mercedes-Benz,S Class,null,Saloon,4b1f1d9576c24ba6949fa1846734bce9,10002793,202501188168496,8a42b291946ecf1c01947aae232f1e9d,2015-03-02T00:00:00Z,19089,18791,null,ba79a529748f492197a52a6a829b8d17,48,18791,1.0158586557394498,22800,1st_FPA_Client
Mercedes-Benz,CLA,Mercedes-Benz,CLA,AMG,Saloon,18e03a898f4445b0a62b3aee83b27def,10029917,202412127237229,8a428cce93bb11260193bcadf52010bf,2018-06-29T00:00:00Z,21450,22069,null,c25c4cb10ad34f72a72dd8ed4b6d1bd5,20,22069,0.9719516063256152,22990,1st_FPA_Client
AUDI,A5 CONVERTIBLE,Audi,A5 Cabriolet,null,Convertible,9fa2945a1fed4bc98ead21c8becc2d25,10019195,202501037696036,8a42c6db9426a3ea01942bdd0f821eb6,2012-09-28T00:00:00Z,2500,5140,null,127a8adf330d436cbe681703eee9a1e8,28,5140,0.48638132295719844,9398,1st_FPA_Client
BMW,M2,BMW,M2,Competition,Coupe,8f6d040c568844a0a73c089eb9789230,725055,202503150184865,8a42a590958efefa01959ab0daf842b4,2019-11-29T00:00:00Z,33995,34463,null,1c587655cd2144a893cd0920fe06f5e1,44,34463,0.986420218785364,32625,1st_FPA_Client
Lotus,Emira,Lotus,Emira,V6 First Edition,Coupe,336aedd86b9943b2b354b63fb27cb9c3,10034001,202412026920196,8a428c119386662801938783bfe66c39,null,93845,null,null,0f62097e0e8e49fba23f3fb5b594bd08,28,null,null,63000,1st_FPA_Client
BMW,3 Series,BMW,3 Series,330 Sport,Coupe,1163ab957f142b6cd6ca24852c884c47,null,202503120043910,8a42d71f9585cc4801958a03c0a645ea,2001-09-21T00:00:00Z,5000,null,null,597fb53daa414a56a183fd043664c945,14,null,null,14790,1st_FPA_Client
BMW,5 SERIES,BMW,5 Series,M Sport,Saloon,998be155dc45408cba30a40aa74d49b0,10029937,202501238320124,8a42a3cd94883be3019492f964784cdf,2018-06-29T00:00:00Z,26995,27174,null,e88765cd844a4d4abbf2a0da77b4125d,108,27174,0.9934128210789726,16423.5,1st_FPA_Client
BMW,3 Series,BMW,3 Series,M Sport,Saloon,83b99ee147d24e06b1b8fe5e5e1c0a1f,25872,202402277010304,8a4291ed8de60d55018decd745af7686,2016-01-01T00:00:00Z,12650,18035,null,ee5fb116a3e7425785fca821836fe653,18,18035,0.7014139173828666,14790,1st_FPA_Client
Volkswagen,Golf,Volkswagen,Golf,SE,Hatchback,7768e2c5588b4a12ae92bff61c728a07,10039812,202501198188630,8a42d990946e880f01947fab1e6f5c0d,2013-09-30T00:00:00Z,3895,4134,null,c6388fe1f8df4d228dba032d181072a9,19,4134,0.9421867440735365,13995,1st_FPA_Client
Bentley,Continental,Bentley,Continental,GT,Coupe,1a8685f32398881295d4826cb18bbbc4,10043389,202502269534741,8a42978d95422cab01954401eb2a41fc,2006-03-01T00:00:00Z,8995,null,null,00caa9a2ecd446979529e60b911ae351,26,null,null,44492.5,1st_FPA_Client
Hyundai,IONIQ 5,Hyundai,IONIQ 5,SE Connect,Hatchback,87c3be52f9144436a1dacc5d64ad6242,10041831,202503069838903,8a42a85b956b3b2401956c9429ae0dd8,2022-02-18T00:00:00Z,17563,17770,null,49e6049a4b5b4941ba078332ede00e9d,75,17770,0.988351153629713,26199,1st_FPA_Client
Audi,S3,Audi,S3,Black Edition,Hatchback,968bec59ab1d490d9013f7cdf2f3ebba,10031669,202503250568851,8a42ce7e95ccfe3f0195ce6993ca5ce9,2011-11-17T00:00:00Z,9920,10663,null,014c4f5b2a64415db2704d53b8b2555e,54,10663,0.9303197974303666,19995,1st_FPA_Client
AUDI,A3,Audi,A3,null,Saloon,48468d73159642019a341be71e5e4adb,10002793,202503019632722,8a42f047954d73a1019551ab4ad90910,2019-06-25T00:00:00Z,18989,18077,null,d70ae65befe94a8eab7ee4d0c2136c3c,50,18077,1.0504508491453228,14995,1st_FPA_Client
Audi,A5,Audi,A5,SE,Coupe,7aaacbe9ad0e4ea88c8eaac8956b3764,10043390,202502259488091,8a428a089538f5de01953e2443754a3f,2013-10-14T00:00:00Z,3795,6368,null,f67563c208bd43f986b89d2f9cf06d26,39,6368,0.5959484924623115,16998,1st_FPA_Client
Volkswagen,Polo,Volkswagen,Polo,SE,Hatchback,c44311b850e54c3aa28fce74a7291012,10040818,202503109967083,8a4298d2957fe64a019580631f5c28ec,2011-04-11T00:00:00Z,4000,5339,null,2df3abd29bdc4cc68c9edafd11bef776,9,5339,0.7492039707810452,12899,1st_FPA_Client
Aston Martin,Vantage,Aston Martin,Vantage,null,Coupe,50779ddce5654039950e9f1f367270c8,10002021,202503270636618,8a42a2ec95d2c2be0195d77234cc0877,2007-01-03T00:00:00Z,21989,null,null,b78afbf90eea475180630bfd3f7a85c2,17,null,null,49990,1st_FPA_Client
BMW,M3,BMW,M3,Competition M,Estate,a5887fc9a4ac47bcac315055da053524,25733,202502269529168,8a429cf695422cb701954363ef01618f,2024-05-24T00:00:00Z,75980,77202,null,58127b534a7d44eba8a4623aa80e8a2f,52,77202,0.9841713945234579,33437.5,1st_FPA_Client
Dodge,Charger,Dodge,Charger,null,Saloon,null,null,202503099943590,8a42b62e957187a201957c6060ef224b,2022-02-01T00:00:00Z,21000,null,null,242fe52e579f48eaa2c295a573f64963,5,null,null,23700,1st_FPA_Client
Mercedes-Benz,AMG GT,Mercedes-Benz,AMG GT,Performance,Coupe,0865a6d226d34c9fb0c7cf97f5b3d6e7,83231,202412167312313,8a42c88b93bb111c0193cf1a835f329b,2024-10-18T00:00:00Z,159995,165672,null,638154002e064289a3d435b006a21d5a,65,165672,0.9657334975131585,79985,1st_FPA_Client
Porsche,944,Porsche,944,Lux,Coupe,5b42ebe2c79c2567c00c6402f70b6f3e,null,202408273341505,8a42e89491939a8a019194f5b84931bc,1985-06-05T00:00:00Z,5999,null,null,5e208a4198214638b2925f588ec57d7e,30,null,null,11995,1st_FPA_Client
MG,MG6,MG,MG6,TSE,Saloon,d824ba7e695e4fd7baabbbd3b75b6e77,10039887,202403308122420,8a42db208e7b3948018e8eba1492009e,2012-03-01T00:00:00Z,2499,null,null,5e6c72765f20486cbd4488f6596bcf34,24,null,null,2495,1st_FPA_Client
Vauxhall,Corsa,Vauxhall,Corsa,Limited Edition,Hatchback,17bd8b0a853948b9bd1f04e71b69bf2f,10039812,202410175316174,8a42a7979299c7dc01929bd55c8363ce,2016-05-05T00:00:00Z,3999,5114,null,f38aef9376c24aac81abc23a8e563ad1,30,5114,0.781971059835745,8299,1st_FPA_Client
Land Rover,Range Rover Evoque,Land Rover,Range Rover Evoque,Prestige,SUV,53c4d2ba25514ffa86d6eed9bc963232,10035166,202503039708793,8a42e4a6954d73a101955d3beb01710a,2013-09-14T00:00:00Z,6700,8556,null,93e5e6595e0c442fb5f2a38a6a1b0ee4,43,8556,0.7830762038335671,20995,1st_FPA_Client
Dacia,Spring,Dacia,Spring,Expression,Hatchback,7ff02fe2e6ae474c8aaf0a5f267ea91b,4430,202502159133545,8a42ac7294ffb5ab01950960bab37bfb,null,13995,null,null,c7b959fda7b4409db11fbaf256da0885,46,null,null,14497.5,1st_FPA_Client
BMW,3 Series,BMW,3 Series,Sport,Saloon,69b07ca1d17d435d8d4699d12ccecbc6,10040486,202502088901524,8a428a8894d694e80194e6b94e1c0b38,2015-03-30T00:00:00Z,8500,9720,null,3b66b2394829460e94098c98893a06e2,28,9720,0.8744855967078189,14790,1st_FPA_Client
Maserati,Quattroporte,Maserati,Quattroporte,Executive GT,Convertible,f464bf1f85db22cf230dad2424a4212a,10023575,202405179805166,8a42e97a8f731598018f86027482303d,2007-02-01T00:00:00Z,5995,null,null,d900d0098852444396df164f056e9af5,17,null,null,16995,1st_FPA_Client
AUDI,Q3,Audi,Q3,null,SUV,30e90243c3e94bad957e29b6bbe7b470,10038178,202503039676170,8a42ebb6954d73a2019559c904fc42ec,2020-02-28T00:00:00Z,23790,23424,null,508b665b6c544b20a6ae741acaaf1836,79,23424,1.015625,22990,1st_FPA_Client
Jaguar,XKR,Jaguar,XKR,null,Coupe,b89c6fc436bceb679f6f66c5db1b0eb8,309643,202503250550406,8a42ce7e95ccfe3f0195cd3b4c1c2a77,2005-08-19T00:00:00Z,27980,null,null,ef1db8ed725646939b32080f9da627bf,26,null,null,15995,1st_FPA_Client
Dodge,Charger,Dodge,Charger,Hellcat Jailbreak,Coupe,null,26724,202405139655753,8a42b33d8f5f52b3018f726a0140520a,2023-10-01T00:00:00Z,114990,null,null,b4fed765b9e348beac2fd319c5e1cb35,54,null,null,23700,1st_FPA_Client
Audi,e-tron,Audi,e-tron,Black Edition,SUV,782c019fb79849459530282494abce43,618902,202412207434614,8a42e25b93bb11270193e35369aa49d1,2021-09-20T00:00:00Z,20750,21397,null,feecec631dfc417485b760a0307e6d80,50,21397,0.9697621161845118,22795,1st_FPA_Client
Mercedes-Benz,CLA,Mercedes-Benz,CLA,Sport,Saloon,6d4061003aa44b5b8f0498ea625919c0,10035664,202503250571613,8a42cabf95ccfe3c0195ceb6285a591f,2018-04-30T00:00:00Z,9995,11710,null,ea426477b47b48bd811ef80bfc743c1d,38,11710,0.8535439795046968,22990,1st_FPA_Client
MERCEDES-BENZ,CLA,Mercedes-Benz,CLA,null,Saloon,7e485cfe453645819617c1aa39531aff,766386,202503200369281,8a42834895b3cd060195b408287205da,2021-01-15T00:00:00Z,22490,22630,null,8aee3684976249a4813473c518a7030a,19,22630,0.993813521873619,22990,1st_FPA_Client
BMW,3 Series,BMW,3 Series,Sport,Estate,80407df5705e08c99740877d0f379626,null,202503099943304,8a429f5b9571879801957c54b86d4577,2004-06-18T00:00:00Z,6250,null,null,63dde6d33f294d8093ea5d969e142ab9,19,null,null,14790,1st_FPA_Client
Volkswagen,Polo,Volkswagen,Polo,S,Hatchback,97aa8fc1660a4205bce2ef7023649600,10038702,202503059794775,8a42d2d69566a9ff01956770710a1a7f,2007-02-09T00:00:00Z,1999,null,null,fe6c84ae1b3345889076127f523aeac3,11,null,null,12899,1st_FPA_Client
BMW,3 Series,BMW,3 Series,Sport,Saloon,null,null,202503180258976,8a42d35195a35a050195a7b3936a2a73,2013-12-19T00:00:00Z,4695,null,null,6fcd55c1705d44feb470dfdfe1c1d716,23,null,null,14790,1st_FPA_Client
ALFA ROMEO,STELVIO,Alfa Romeo,Stelvio,null,SUV,79677d40656b4afe9491c26a2d59491a,10031523,202502179182447,8a42ac7294ffb5ab019513c2946610da,2019-06-27T00:00:00Z,35995,33670,null,05ab075ab38f4d7b9137584429d1d195,91,33670,1.069052569052569,27144,1st_FPA_Client
MERCEDES-BENZ,A-CLASS,Mercedes-Benz,A Class,null,Saloon,0fe33e5792194cc1b03ea982eec7f61e,10042669,202501208201779,8a428ca5948331f101948344aef229d5,2019-11-26T00:00:00Z,27995,27244,null,bbd82cbb08dd402e8cc437bded1f0a7d,36,27244,1.027565702540009,16490,1st_FPA_Client
BMW,3 Series,BMW,3 Series,M Sport,Saloon,63bba9933b5f4650822240c153e7c825,10044301,202502219355634,8a42b6c29529314c0195296b812e0dcc,2016-09-30T00:00:00Z,14995,19363,null,d908f08effca401a82e5b7862b7cb665,32,19363,0.7744151216237153,14790,1st_FPA_Client
Land Rover,Range Rover,Land Rover,Range Rover,Westminster,SUV,ad33d2e880214652af95e93372a7d81f,10005737,202501258403620,8a42d7fc9493ebc101949e2d83df6e98,2021-03-11T00:00:00Z,39990,41495,null,8d52164b264a437399ecbb5f86382c2e,52,41495,0.9637305699481865,39369.5,1st_FPA_Client
Volkswagen,Scirocco,Volkswagen,Scirocco,null,Hatchback,1d867c159b5f4dd9a6579b806352074e,null,202502098922547,8a4287ae94e0e8d60194ebc09ccf1971,2009-03-01T00:00:00Z,875,null,null,e24b1a6c2a5f4d19a5cc87591712a0e4,17,null,null,7490,1st_FPA_Client
Vauxhall,Zafira,Vauxhall,Zafira,Breeze,MPV,54bf0080715548b7a68d13be7d350994,null,202504061018055,8a429f2a95fc472401960a30bf5e3841,2008-06-30T00:00:00Z,1600,null,null,57e7a3cca3494cc49461054a018a794a,13,null,null,2399,1st_FPA_Client
Volkswagen,Golf,Volkswagen,Golf,Match,Hatchback,97242cc4bbb3498b82a3afd5d047fef5,10037895,202502209325591,8a42c80d94ffb5a801952549bf832243,2012-11-19T00:00:00Z,3950,3659,null,afc7a02f0c124d24b226b544e43cce0e,27,3659,1.0795299262093467,13995,1st_FPA_Client
Renault,5 E-Tech electric,Renault,5 E-Tech electric,evolution,Hatchback,c9bcf6db12cb47bf86400512f0240129,715372,202503240502301,8a42c02595b3cd090195c7ea235c4bd8,null,22895,null,null,4f2fa5f286324a5db85f7ab2b10dc73e,9,null,null,30120,1st_FPA_Client
Mercedes-Benz,C Class,Mercedes-Benz,C Class,AMG Line,Saloon,f06d32ff36ee40c2808245b736388056,10039981,202502269523892,8a429cf695422cb7019542fd6de764a9,2017-10-14T00:00:00Z,17500,17966,null,375df1cd5a23431f8361ad789eff0e0a,91,17966,0.9740621173327396,14495,1st_FPA_Client
BMW,8 SERIES,BMW,M8,null,Convertible,f16599e785954b439825cd51523b0a46,713966,202409134004144,8a42ddc191e0466e0191ebe43c4925a6,2021-03-31T00:00:00Z,75984,68834,null,a644436eb3a942ba8ac69c2a217e2701,72,68834,1.1038730859749541,66950,1st_FPA_Client
Daihatsu,Copen,Daihatsu,Copen,Roadster,Convertible,aefa26e492ac36db48df683070058e8b,null,202408233196887,8a4293c791744cee01917e6014905698,2009-03-01T00:00:00Z,3499,null,null,7a6654bb1cf44e2a8de848683531db5e,26,null,null,2995,1st_FPA_Client
Audi,S3,Audi,S3,Black Edition,Hatchback,6795b436fb68434da9c288507dc4e87e,null,202501097887655,8a42dc76944ae02501944cced91830a2,2018-07-03T00:00:00Z,14495,19330,null,50b7076f311a4599b1e99d566a19ad5d,11,19330,0.7498706673564408,19995,1st_FPA_Client
Honda,Civic,Honda,Civic,Type R,Hatchback,25eb379a3a41ec64544bca53cf19b6ab,null,202503280703786,8a42cec095d82edb0195de6a26aa01d1,2004-05-19T00:00:00Z,4000,null,null,1523e5aa22774bff8b4653b0c2db4a54,13,null,null,8999.5,1st_FPA_Client
Aston Martin,DB11,Aston Martin,DB11,null,Coupe,971b5ab0a5224a14a6089148f8e4b539,null,202502289614241,8a42cfbb954d73a701954e01af6d75fc,2017-06-16T00:00:00Z,58999,61913,null,6b070670360d4b9d9b8689454675239e,25,61913,0.9529339557120475,82500,1st_FPA_Client
BMW,7 Series,BMW,7 Series,null,Saloon,ce1d805272bb413787678d9cd618854b,72916,202501188172085,8a42b291946ecf1c01947b3c4b711724,2016-12-22T00:00:00Z,30990,31465,null,1cfaaae2c4144844a752af741b1cad94,93,31465,0.9849038614333386,23222.5,1st_FPA_Client
Land Rover,Range Rover Sport,Land Rover,Range Rover Sport,Dynamic SE,SUV,40df7cba6bbf4bb3aa4ae1a275939471,10036931,202503019649173,8a42d69e954d73a4019553b965473f7c,2023-01-16T00:00:00Z,66995,66464,null,fd3ee9545ca943d09db52a4e0373615e,33,66464,1.0079892874337988,33839.5,1st_FPA_Client
Volkswagen,Golf,Volkswagen,Golf,R,Hatchback,0fedf473073e4717b79c38b21b51b95e,10024200,202410265627130,8a42a09d92c40dc50192c90bf76d4af6,2019-09-30T00:00:00Z,23995,25088,null,86baac8c76c3437582eeb7f12cfea4ba,38,25088,0.9564333545918368,13995,1st_FPA_Client
Nissan,Skyline,Nissan,Skyline,GT-R,Coupe,null,null,202501258409472,8a4298509493ebcb01949f1e87a067dd,1998-01-12T00:00:00Z,12995,null,null,4ccf452c30e844c3a7e44c6cfbb0f84d,19,null,null,50000,1st_FPA_Client
Audi,RS7,Audi,RS7,Performance Carbon Black,Hatchback,f32c5b4490e540d08db2f8d4edda7afd,19244,202412127235673,8a42e25b93bb11270193bc699b3b3b3a,null,117355,null,null,e47633c5f7ae45738f933467b162ab6c,40,null,null,56495,1st_FPA_Client
Ford,Fiesta,Ford,Fiesta,Titanium,Hatchback,3cae705b1ef04be68478f8a88c445d0e,null,202503300751787,8a42cc2395d82ee60195e7ae8f2f531c,2015-06-30T00:00:00Z,3430,5031,null,ae52d9311e1a4802a3e8ccdc875b7a35,23,5031,0.6817730073544027,6450,1st_FPA_Client
Volkswagen,Golf,Volkswagen,Golf,R,Hatchback,6ef2dc0d3d86455c9c1f030f9bd0ffa4,10034271,202503130094200,8a42b7b0958ef66201958f8681336c28,2021-05-14T00:00:00Z,28789,28701,null,baa8ecc488784dd4bfd89523e2825c9c,47,28701,1.003066095258005,13995,1st_FPA_Client
Audi,S4,Audi,S4,null,Saloon,2f436d9a08ae47d2aa9f2926f0d3519d,12145,202503200352614,8a42c9d395af5f120195b2d855e81de0,2017-03-01T00:00:00Z,19995,19531,null,91133a123fa442fa883ae00643149757,60,19531,1.0237571040909323,20690,1st_FPA_Client
Jaguar,XKR,Jaguar,XKR,null,Coupe,731e4762a3a34d339daa902403a92fa9,null,202503210424543,8a42b88895b3cd0e0195b9afeee26333,2007-04-17T00:00:00Z,5995,null,null,670a3b9c6e5c41e0b3c1c1c2e377afa0,42,null,null,15995,1st_FPA_Client
Jeep,Wrangler,Jeep,Wrangler,Sahara,SUV,8abc5108ab944695a0853613efbc8a7c,null,202410195388425,8a4286b192a01fe60192a6815edf2e96,2018-11-15T00:00:00Z,17499,23046,null,08dc3955a7d64c2180ca6287c6c16fac,16,23046,0.7593074720124967,36990,1st_FPA_Client
BMW,M2,BMW,M2,null,Coupe,9b25b007500549b3999f6cd935aafe41,10040591,202503049750935,8a42edfd9560e2110195623caa1e39ea,2017-02-17T00:00:00Z,24495,24722,null,dff59c0c51ce4c1cbd84bdf6bd1f6e3a,32,24722,0.9908178949923145,32625,1st_FPA_Client
Mitsubishi,Pajero,Mitsubishi,Pajero,null,Hatchback,null,15807,202503180294644,8a4298d595a359ff0195aab8342147a8,2010-06-01T00:00:00Z,1290,null,null,3a7eceae09cc4318827b2809d662e285,20,null,null,6990,1st_FPA_Client
BMW,3 Series,BMW,3 Series,null,Saloon,b180dd29e2064c0cbc35d29dd0c8b867,72916,202502088898451,8a429f8794d697c10194e656b3cc2d5b,2019-12-19T00:00:00Z,31490,31722,null,5c1f57fd550844f1a08e6a1fb38ab403,60,31722,0.9926864636529853,14790,1st_FPA_Client
Audi,Q3,Audi,Q3,Sport,SUV,57e9646cf64449c1b3bac3a4f7966bdf,10040792,202503210394503,8a42e37c95b3ccfe0195b745f91f27b4,2021-04-27T00:00:00Z,24800,24471,null,9e133af6a50d4898adfb962dbf41e96f,30,24471,1.0134444853091413,22990,1st_FPA_Client
MERCEDES-BENZ,A-CLASS,Mercedes-Benz,A Class,AMG,Hatchback,ab8e4fab4a2e4f3fbc95a099069b7b11,10001074,202503200349849,8a428f4a95af5f110195b27b88922f6a,2019-05-16T00:00:00Z,20989,20743,null,e16dae5bae324a8b9d8e704ac0ee6a35,23,20743,1.0118594224557682,16490,1st_FPA_Client
Audi,S5,Audi,S5,null,Coupe,50d064432802473cb44a8cf22bbe7b01,10039734,202405280168777,8a42e9248fbf1884018fc0903f081d33,2009-04-24T00:00:00Z,4999,null,null,a0710b8c670741079ff94b21eb60c6ea,15,null,null,19047,1st_FPA_Client
Audi,A3,Audi,A3,SE,Hatchback,65998c7ffa8947bb9de927cc924f6b66,10039538,202503059789662,8a42ed3b9566aa06019567132ebb41e2,2013-12-10T00:00:00Z,6380,6576,null,80e3229386f04a5ca7e316a5e52b8f5f,22,6576,0.9701946472019465,14995,1st_FPA_Client
BMW,2 Series,BMW,2 Series,M Sport,Coupe,30f8a3d450b14c1581b23f5eb2f72321,10025631,202503200370271,8a42c02595b3cd090195b4189b1b36e2,2016-11-16T00:00:00Z,16989,16706,null,fd1563dfee7748d1a733d2a44c12f2d6,43,16706,1.016940021549144,14999,1st_FPA_Client
Volkswagen,Golf,Volkswagen,Golf,S,Hatchback,19c035f3ba6346368093bc8d9d51a6f1,13739,202412137245568,8a428cce93bb11260193bf674262239f,2009-09-11T00:00:00Z,2995,null,null,7209eb47422d45158c0e2ceff9c3b546,28,null,null,13995,1st_FPA_Client
Mercedes-Benz,AMG GT,Mercedes-Benz,AMG GT,R,Coupe,5fe97471a87240749dbca757aa64a731,22669,202503190307344,8a42c99695a35a0b0195ad924e4b09c0,2018-09-26T00:00:00Z,89990,90567,null,97267b44d1674fe8b934bc36f293abc7,92,90567,0.9936290260249319,79985,1st_FPA_Client
Mercedes-Benz,CLA,Mercedes-Benz,CLA,AMG,Saloon,0cdcff2529a44906acfe5f2a345ca8d7,10039812,202501198188383,8a42d394946eed0501947f9e924b7709,2020-03-09T00:00:00Z,29999,32117,null,df6c5c7c575a4d5aa04e6d76cc51acc0,27,32117,0.9340536164648006,22990,1st_FPA_Client
Peugeot,208,Peugeot,208,Active,Hatchback,89b069a523d642d0a10ab9b73eddbec2,null,202503150182459,8a42cb92958f169001959a7246200680,2013-01-16T00:00:00Z,1500,2937,null,ee46a1b739e4434b8491f5144fb6960c,5,2937,0.5107252298263534,13498,1st_FPA_Client
Audi,A3,Audi,A3,S line,Hatchback,51819ccacff54a7c8c99c6b3e90b31b1,null,202503039677266,8a42c755954d739801955ac5f4f71d29,2014-04-14T00:00:00Z,4489,6028,null,8745a1cbf94247f296559c74d5015b5a,16,6028,0.7446914399469144,14995,1st_FPA_Client
BYD,Seal,BYD,Seal,Excellence,Saloon,d483ff7fc87d47a1ac5d6fd1241a9080,10040642,202502209308256,8a42ad0094ffb5aa019523a9a87d5196,2023-11-09T00:00:00Z,34000,34256,null,481c88709eb44ddf95f01fe116894844,60,34256,0.9925268566090611,42490,1st_FPA_Client
BMW,1 SERIES,BMW,1 Series,null,Hatchback,1d4e6b3b9df443a69eec3184bf818e2e,766386,202501318607129,8a4287ac94bbf8c40194bcc6efaa50aa,2019-12-11T00:00:00Z,23480,23105,null,89f1836b1d994e008e210003c8788601,19,23105,1.0162302531919498,12995,1st_FPA_Client
TOYOTA,SUPRA,Toyota,Supra,null,Coupe,51692512510344f0b79f2232b5e0dd26,10004338,202502209300001,8a42e3a894ffb5a10195230d64f07e90,2023-04-12T00:00:00Z,41999,43940,null,3cd915b4d1ce4d269b9525fdd035bc85,82,43940,0.9558261265361857,38995,1st_FPA_Client
Land Rover,Range Rover,Land Rover,Range Rover,Vogue,SUV,c180b4084b5e46c4960a061d8f7bffc2,null,202503260599184,8a429b5095ccfe3d0195d2a7d5db5870,2016-06-07T00:00:00Z,12500,16178,null,6bdef3814b71475dbce9cc175dd5025a,26,16178,0.7726542217826678,39369.5,1st_FPA_Client
Volkswagen,Golf,Volkswagen,Golf,R,Hatchback,0fedf473073e4717b79c38b21b51b95e,10040218,202503160214110,8a429c99958f36280195a0c7fba46993,2019-06-14T00:00:00Z,19995,22343,null,e0cc390d5cfb44588db8b718d867328a,53,22343,0.894911157857047,13995,1st_FPA_Client
BMW,4 Series,BMW,4 Series,M Sport,Convertible,381126509c8945cc927ceb0639e26848,10030908,202503110001033,8a4298d2957fe64a019584cd31ee2018,2019-12-27T00:00:00Z,23995,24506,null,8c0587cb2ad844f4812263cac0aab740,56,24506,0.9791479637639762,15998,1st_FPA_Client
Mercedes-Benz,A Class,Mercedes-Benz,A Class,AMG,Hatchback,7bfc0595d30b453aaa77b40810dc662b,294981,202502068823769,8a429f8794d697c10194dbd2f87e4cf3,2020-02-29T00:00:00Z,21275,21259,null,b6b23451cbe84f2fa1e72095615b93db,43,21259,1.0007526224187402,16490,1st_FPA_Client
BMW,3 Series,BMW,3 Series,M Sport,Saloon,9e7755c98902416f824320a48bbddf5e,152979,202503140141011,8a42c084958f3c09019594ede86d3fb1,2023-06-22T00:00:00Z,24650,21519,null,36685909ed654f4d90e88e32a460d94e,23,21519,1.145499326176867,14790,1st_FPA_Client
BMW,1 Series,BMW,1 Series,Sport,Hatchback,d4455f5ac7384cafb756ec5a9732c798,10008675,202503029673418,8a42c755954d7398019558d6eb680a7f,2020-11-23T00:00:00Z,10990,11497,null,c74c2096efe84ebab69d666f7da97043,27,11497,0.9559015395320518,12995,1st_FPA_Client
Porsche,718 Spyder,Porsche,718 Spyder,RS,Convertible,8d8cf0cdd16b4b649cc27fa7276ed97d,26293,202503110009426,8a429331957fe63901958565e8666b0f,2024-04-30T00:00:00Z,127850,134390,null,0cc29ba74ee7475e9ce890e74d656b81,29,134390,0.9513356648560161,98995,1st_FPA_Client
BMW,3 Series,BMW,3 Series,SE,Saloon,c8810f86cade40de9b7f420ee6590a3e,1039626,202503099932498,8a4287a9957187a001957acebd677009,2010-07-09T00:00:00Z,3495,4067,null,eb0c6c2527ea4254a60935490f4e973d,10,4067,0.8593557905089747,14790,1st_FPA_Client
Audi,A1,Audi,A1,SE,Hatchback,ce36277343e2458fa495a40e9c1af058,null,202406090578326,8a42da738ff2804c018ffe87fb7763dd,2012-03-01T00:00:00Z,2090,3721,null,d538fb4d38a04443b65b2f505c2bbf26,8,3721,0.5616769685568396,14500,1st_FPA_Client
Mercedes-Benz,A Class,Mercedes-Benz,A Class,AMG Sport,Hatchback,ba20deec7b04494896339e0a40d17605,null,202503120069237,8a42c1db9585cc4c01958bb8c8c422f2,2013-04-12T00:00:00Z,4995,6486,null,80b26ffdb8344164bb7a0787a3b442b6,33,6486,0.7701202590194265,16490,1st_FPA_Client
Audi,S3,Audi,S3,null,Hatchback,076841a0d5a34da7b8b21a485eb985cc,10010648,202502108948403,8a429f8794d697c10194f060d0a4591f,2014-07-30T00:00:00Z,14795,14849,null,b499ddbf223f47dc919f2d1f83790b1c,71,14849,0.9963633914741733,19995,1st_FPA_Client
Alfa Romeo,MiTo,Alfa Romeo,MiTo,Distinctive,Hatchback,f81283ddfb0c49e794ed4bcd43a8fd72,null,202503220460322,8a42cbf895b3cd1e0195befcde960b6f,2013-02-16T00:00:00Z,3000,3099,null,4fee54d99751468f81699e52c3a1ae7c,40,3099,0.968054211035818,2995,1st_FPA_Client
Lexus,UX,Lexus,UX,Premium,SUV,null,null,202503270659743,8a42cc2395d82ee60195d92f727312cb,2025-03-26T00:00:00Z,36400,null,null,fbaa46bbd8ae487c91ba10eee85e71df,14,null,null,22025,1st_FPA_Client
BMW,X7,BMW,X7,M Sport,SUV,7245f03bb4614e5084e302712a4b5c1e,10013417,202501288501754,8a42d27594ac22d00194ae4170ec36c2,2019-06-30T00:00:00Z,30950,33974,null,0f0b8a17ece74fe89bfdb596a8a749fa,25,33974,0.9109907576381939,73950,1st_FPA_Client
BMW,M3,BMW,M3,null,Saloon,null,null,202502229387280,8a42b6c29529314c01952e8e00db4013,2014-09-09T00:00:00Z,28000,null,null,8ab45e05058443d9a2051b96b86916f7,39,null,null,33437.5,1st_FPA_Client
Volkswagen,Beetle,Volkswagen,Beetle,null,Convertible,fc5ad366f066448abf3aaf9b9e62cc4b,10024295,202503099944970,8a42ecee9571879c01957c981aee4a93,2003-08-21T00:00:00Z,999,null,null,41bf0c03d4604250845feff58635caef,52,null,null,6920.5,1st_FPA_Client
Mercedes-Benz,E Class,Mercedes-Benz,E Class,AMG Line,Saloon,1927c4ae1c5e4fd89ad4fa8aadd68dbc,10040486,202412227479723,8a42bf9293e3c1640193ee379af76a22,2017-03-30T00:00:00Z,13450,14056,null,e535d2a3790044afa6c6e89be1b19c45,36,14056,0.9568867387592487,14999,1st_FPA_Client
BYD,Sealion 7,BYD,Sealion 7,Design,SUV,09ad686150894f9697d1303a2279bac2,10040643,202412197414284,8a42c88b93bb111c0193df3b199a3da9,null,49490,null,null,bec14a6182104ca0b021531ca564abe3,60,null,null,49490,1st_FPA_Client
Volkswagen,Scirocco,Volkswagen,Scirocco,GT,Hatchback,abd9117709c4464d8bf74599c06949a7,10040659,202502219360234,8a42b6c29529314c019529d4fb274870,2012-03-19T00:00:00Z,2000,2783,null,2a5a50b85e0c48b88e6b1a7d026bcb67,29,2783,0.7186489399928135,7490,1st_FPA_Client
Audi,A1 Sportback,Audi,A1,Black Edition,Hatchback,a5dad975f7c5426e8dc2f099c1440b76,728526,202503210402860,8a42b9f895b3cd130195b856c0a15e93,2022-03-11T00:00:00Z,21300,21956,null,ac3ed2897778412f8ccdaa2ef3e27f68,47,21956,0.970122062306431,14500,1st_FPA_Client
MERCEDES-BENZ,CLA,Mercedes-Benz,CLA,null,Saloon,7c21f92461f94399b66e833502f0798e,10024280,202502179186145,8a42c80d94ffb5a801951408ffd875c9,2021-10-29T00:00:00Z,45495,46795,null,85812b4fdc944ff9be6a54826dc07651,34,46795,0.9722192541938242,22990,1st_FPA_Client
Renault,Zoe,Renault,Zoe,Dynamique Nav,Hatchback,c2b5ff3eb4a44bb188ec4d24890da866,10041953,202501318603709,8a42902494bbf8d10194bc8d8b794d38,2015-12-18T00:00:00Z,4150,4525,null,50e46bae6efa4b39bfa1dcc52c8039dd,40,4525,0.9171270718232044,10050.5,1st_FPA_Client
Volkswagen,Polo,Volkswagen,Polo,SE,Hatchback,c44311b850e54c3aa28fce74a7291012,10036128,202502219360771,8a42c7009529314f019529e477645e9f,2010-09-02T00:00:00Z,3499,3901,null,a1ebb31176294c1e9ca0258dd6bfa218,47,3901,0.8969495001281723,12899,1st_FPA_Client
BMW,1 Series,BMW,1 Series,null,Hatchback,a20ad2a92e034013b4905bbd78a5fd12,10035605,202503240518331,8a42834895b3cd060195c8f694c2697f,2017-11-24T00:00:00Z,20995,19366,null,0f9903226d55498cb86ab3e08e6a4db9,29,19366,1.0841164928224725,12995,1st_FPA_Client
BMW,3 Series,BMW,3 Series,SE,Estate,13c4b6c5a0d3491698dcf057a9eec3ee,1357507,202308180929843,8a42988e89f3aec4018a07f11c9e5598,2011-11-21T00:00:00Z,1495,2823,null,54c6dfd5b58043f0bbb2ac701b497a61,26,2823,0.5295784626284095,14790,1st_FPA_Client
BMW,X5,BMW,X5,null,SUV,4c1872efe75d4068af33cea0737d5982,10002793,202502199287570,8a42c80d94ffb5a801952060e3a90b9d,2018-01-01T00:00:00Z,23989,23678,null,da1d49a33b2741398fafc62d642fce1a,19,23678,1.0131345552833855,39925,1st_FPA_Client
BMW,3 Series,BMW,3 Series,Sport Plus Edition,Coupe,15d4e52a406c4b9c9e17626233b488ae,10040486,202501308558624,8a42a79994b1b72f0194b6e220f40a97,2012-09-07T00:00:00Z,5250,6556,null,2c6d2b557fec40458d9697c7570767a4,37,6556,0.8007931665649787,14790,1st_FPA_Client
Alfa Romeo,Giulia,Alfa Romeo,Giulia,Quadrifoglio,Saloon,8c61ab5135404791b0a899ba9065dadb,294981,202502199259152,8a42a3c694ffb5a701951dff55f67d36,2019-03-08T00:00:00Z,32975,33760,null,08605d4329a5417cbd3434baa357eedf,43,33760,0.9767476303317536,23249,1st_FPA_Client
BMW,M3,BMW,M3,Competition,Saloon,8ff1592e1ec444fd9903e325183ec621,10032700,202502269520569,8a42d62b95422cad019542cba9eb457d,2018-06-29T00:00:00Z,39999,36563,null,0b02e1cf239e4ba38a6d414299f40bc9,43,36563,1.0939747832508273,33437.5,1st_FPA_Client
Skoda,Octavia,Skoda,Octavia,vRS,Hatchback,b7ece21112124cd0a1402baa5287c71f,10040266,202501298529865,8a42d39a94b22aa10194b27446992519,2015-07-20T00:00:00Z,6490,7241,null,a8ea308490a740e194f4ddda4b2c25bd,16,7241,0.8962850435022787,12399,1st_FPA_Client
MERCEDES-BENZ,E-CLASS,Mercedes-Benz,E Class,null,Estate,56129149a7114fb1b49ca57fa6b94c54,766386,202503130099562,8a42c084958f3c0901958fe329023e30,2019-05-20T00:00:00Z,24990,25874,null,e84107bdb66942eca5b4e4e915efa593,25,25874,0.9658344283837057,14999,1st_FPA_Client
Porsche,Cayenne,Porsche,Cayenne,null,SUV,9f0d9c16241f4b009ee4ffcee9497afa,10040486,202502229395273,8a42ecae9529314601953019006d430a,2014-12-29T00:00:00Z,14000,16598,null,40a128ed50344ffbbfe12afbd1d716de,33,16598,0.8434751174840343,47950,1st_FPA_Client
Mercedes-Benz,S Class,Mercedes-Benz,S Class,null,Saloon,856b0d8cb1d6467f90a5d6ca80c48c32,10036124,202503170223985,8a42c99695a35a0b0195a3a86f7f178a,2006-05-18T00:00:00Z,4995,null,null,4b89a03837494b88aaa4f22219599941,27,null,null,22800,1st_FPA_Client
BMW,M3,BMW,M3,Competition,Saloon,1449bdac632646fab7d76b483a187318,10027357,202502269517497,8a42d62b95422cad0195428e8aad3e7e,2021-04-30T00:00:00Z,52995,53131,null,de590db4519947bea895fb743f462a06,44,53131,0.9974402890967609,33437.5,1st_FPA_Client
Polestar,Polestar 4,Polestar,Polestar 4,Long Range,SUV,610631a234b74dc9b4e3641a92fdc0ff,10023180,202503069836140,8a42d4f1956b3b2101956c5dd55f0aeb,2024-10-31T00:00:00Z,52300,57127,null,864a68a3adb84286bc8ca890d51287c7,76,57127,0.9155040523745339,55305.5,1st_FPA_Client
Peugeot,308,Peugeot,308,Active,Hatchback,3ff42e3026ff461286e6dcf9c6b082ad,10043159,202503019643100,8a42ebb6954d73a2019552ae889d5612,2011-07-06T00:00:00Z,850,2491,null,9d21fe039ea04b5e9e44f550daf7ffb2,23,2491,0.3412284223203533,6695,1st_FPA_Client
BMW,X6,BMW,X6,null,SUV,1a95cced471e46f09d566546bcffeee4,10027596,202502159132755,8a42a1a094ffb5a90195094a91d8208f,2011-12-23T00:00:00Z,7499,11106,null,cb7401a972a24a848768c7d1b07be205,35,11106,0.6752206014766793,34909,1st_FPA_Client
JAECOO,JAECOO 7,JAECOO,JAECOO 7,Luxury,SUV,1ec3da101892486d8b5175280fda0d2e,10013746,202502088889957,8a42bb9794d64fa00194e57cb3506da4,null,36265,null,null,7838af6a44854e8694b24cea8b9d9ede,32,null,null,32645,1st_FPA_Client
BMW,X5 M,BMW,X5 M,null,SUV,bfbe9712705f41cc8669dba0ccd3c47a,10039244,202502219341257,8a42a3c694ffb5a70195286a13167d6e,2018-04-16T00:00:00Z,33995,37069,null,a67cbf7096f14999b2a4b548c179f4f5,62,37069,0.9170735655129623,65447.5,1st_FPA_Client
Audi,S3,Audi,S3,null,Saloon,79d3dd1202bd4e868b166e5d487e5dd9,10014352,202503260598748,8a42c57895ccfe400195d2a1f4d0684f,2014-11-28T00:00:00Z,13395,13885,null,1b0ed7bb59744672b62d6a5bd066db71,40,13885,0.9647101188332733,19995,1st_FPA_Client
Leapmotor,C10,Leapmotor,C10,null,SUV,5863bc8f1cb14c47a1ec8cf367a4fe8d,621921,202501107896680,8a42a821944ae02401944faa9e7c6a60,null,35950,null,null,a4cc0d04f6884391ad7ec50f65955bcd,28,null,null,36500,1st_FPA_Client
Porsche,911,Porsche,911,992 Turbo S,Coupe,8c406975c409448080ab93b79d293111,null,202503250563294,8a42cabf95ccfe3c0195ce0c76bf79ee,2021-12-30T00:00:00Z,184979,null,null,a810bf252f974066959fa3397eae8e97,47,null,null,79989.5,1st_FPA_Client
BMW,X3 M,BMW,X3 M,Competition,SUV,0997c945b2b2420b91b55eb8eaf2742f,10005737,202503059774038,8a42b2129565e3290195660984a261cc,2021-09-30T00:00:00Z,56990,55531,null,03db34b5bec14b5cb509042b7695363e,54,55531,1.026273612936918,49995,1st_FPA_Client
Ford,Mondeo,Ford,Mondeo,ST-220,Estate,1cbfd04a8f564c89f19f641129c2a3f8,null,202502038686228,8a4287ac94bbf8c40194cbbb30d56f90,2005-11-17T00:00:00Z,4250,null,null,44da41b9a57b4af08b1c10ced755200d,19,null,null,5750,1st_FPA_Client
Audi,A5,Audi,A5,Black Edition,Coupe,72baf0dcf1924bc7a84f0c24d4ebfb04,10041004,202503230489665,8a42b9f895b3cd130195c5132f2e6b80,2019-04-13T00:00:00Z,14995,14695,null,df036a7833204029abcf69f31b7ad103,22,14695,1.0204151071793126,16998,1st_FPA_Client
Mercedes-Benz,C Class,Mercedes-Benz,C Class,AMG Line,Saloon,68f0563b703c46babfc52ae274adeb53,10014054,202409113917390,8a42ca6a91e046760191e1a96d13149b,2022-09-01T00:00:00Z,32590,30860,null,e9092663c592435899eed8544af53755,48,30860,1.0560596241088789,14495,1st_FPA_Client
Mercedes-Benz,CLA,Mercedes-Benz,CLA,AMG S Plus,Saloon,7c21f92461f94399b66e833502f0798e,10020201,202503130111259,8a42cb92958f1690019590a94a8e132a,2020-01-30T00:00:00Z,37950,38231,null,4743b145f1cf4ab3861f5c3df65b13a1,25,38231,0.9926499437629149,22990,1st_FPA_Client
Audi,S3,Audi,S3,Black Edition,Saloon,ac72b45870cf45908b6c04f0f6cde01b,null,202410215439680,8a42b9cd92a01feb0192afc9ed740a86,2018-01-01T00:00:00Z,19950,23036,null,bbc57a8572d3438b9486399abcb3da16,25,23036,0.8660357700989755,19995,1st_FPA_Client
Lamborghini,Urus,Lamborghini,Urus,V8 BiTurbo Performante,SUV,481821abfbb04bcf84ea8df99d8cb4f7,10009367,202501228291061,8a42d3e594883bd701948e987c6310fe,2024-03-21T00:00:00Z,259995,null,null,57178d4b32d64339b8ce9daffce7d6c4,50,null,null,209992.5,1st_FPA_Client
PORSCHE,911,Porsche,911,null,Convertible,0875127fefb14d1e8f49b3cb07d960e2,102424,202502279562999,8a42d62b95422cad0195480ee1c772a8,2020-12-24T00:00:00Z,144900,null,null,b4eeea1e187e40848dc4b862d2827b8d,46,null,null,79989.5,1st_FPA_Client
Mercedes-Benz,G Class,Mercedes-Benz,G Class,AMG Magno Edition,SUV,8f8e1836874d4c6eab3ef4dd15b4a7ac,10044280,202503039682547,8a42f047954d73a101955b90868267f6,2025-03-01T00:00:00Z,231726,null,null,f64b1fc7feb9437a9ba6efe8e5cc02c7,49,null,null,128272.5,1st_FPA_Client
BMW,X5,BMW,X5,SE,SUV,4ace407d417b43fb984fd2a8b608a166,10043503,202501067785732,8a428314943c213001943d93b06f3818,2007-10-18T00:00:00Z,1580,null,null,9f001ef4b9e544f3ba2d6bd63d0178bc,10,null,null,39925,1st_FPA_Client
Alfa Romeo,Giulia,Alfa Romeo,Giulia,Quadrifoglio,Saloon,2a2c177098a04067ac5ed7d9f563c231,25733,202503079885164,8a4287a9957187a0019571e8393b4505,2021-06-09T00:00:00Z,48480,43175,null,dc26f61e73fc4624801c7aada0194c78,48,43175,1.1228720324261725,23249,1st_FPA_Client
Porsche,Macan,Porsche,Macan,S,SUV,378488afd045499082db4de2c727512a,10036877,202502289581103,8a42ece995422ca901954aee8f340f09,2019-04-05T00:00:00Z,30989,34546,null,f0928135f16c41d6b12f206aeb56a2b8,48,34546,0.8970358362762694,45990,1st_FPA_Client
Audi,RS3,Audi,RS3,Vorsprung,Saloon,b6872fe2f06548adb4deb1109ed8e88d,25857,202412026917168,8a42bfe59386661e01938744aa766205,2022-05-31T00:00:00Z,47995,47397,null,966fe1ffea5f4098b560bfd339490446,40,47397,1.0126168322889635,47062.5,1st_FPA_Client
Mercedes-Benz,C Class,Mercedes-Benz,C Class,AMG Line,Saloon,604ad5b3fd004665b1f06ef62c53cedd,10039147,202501278470037,8a42ae0f94a8bb080194aa2fbedc0d69,2015-11-10T00:00:00Z,9995,9746,null,8c1752c4e1444277829a17a7060913fa,36,9746,1.0255489431561666,14495,1st_FPA_Client
SEAT,Ibiza,SEAT,Ibiza,Toca,Hatchback,09857a7bab6b49dc90d5c9dcd32dbfb0,10032205,202503150179233,8a42b7b0958ef66201959a2678454426,2015-08-07T00:00:00Z,3990,6383,null,d5f21647674948ff8e9df471afd51be2,42,6383,0.6250979163402789,8738,1st_FPA_Client
BMW,M2,BMW,M2,null,Coupe,4fa80c9e4cdc413b80d930d272dd54e1,148809,202502058794386,8a42b59294d67b4b0194d8813438357e,2023-07-28T00:00:00Z,49977,48993,null,4e05f6d0df0340878815411533a4156c,99,48993,1.0200845018676137,32625,1st_FPA_Client
Vauxhall,Astra,Vauxhall,Astra,Active,Hatchback,511c606ef54a4f859201510b05fc7ca6,10041161,202503260578221,8a42c57895ccfe400195cfc5ac7c3fe2,2013-02-20T00:00:00Z,2500,3076,null,2825aea6912342aa85a8296a2168e47d,9,3076,0.812743823146944,5000,1st_FPA_Client
Toyota,Supra,Toyota,Supra,GR Pro,Coupe,51692512510344f0b79f2232b5e0dd26,142964,202503120040106,8a4290e99585cc44019589af34c42c43,2022-06-21T00:00:00Z,44494,44311,null,e22d663f90d04614bc642d822b489979,34,44311,1.0041299000248245,38995,1st_FPA_Client
Bentley,CONTINENTAL GTC,Bentley,Continental,Speed,Convertible,b5ce06933f4e4128b542fcf9f65ae79a,11561,202501238327094,8a42a3cd94883be30194937d892e7865,2025-02-06T00:00:00Z,293000,null,null,b2a5e8d5a6d541dcadd4c721ac3892b0,68,null,null,44492.5,1st_FPA_Client
BMW,1 Series,BMW,1 Series,null,Hatchback,89af7f2c62c743c4b33949edb13060db,1376626,202503190329730,8a42a25995aed1090195af25ca521fbc,null,55995,null,null,c1fc9583e1a042d0b69aaf3a998cc3ca,55,null,null,12995,1st_FPA_Client
Audi,RSQ8,Audi,RSQ8,Carbon Black,SUV,fd17dddf624f412ea809d72a2b95a343,25733,202501168106905,8a42ae92946eb2d5019470ac83225234,2020-09-12T00:00:00Z,69380,71289,null,b000c6eb53cd4745b46a6e54d98f524c,50,71289,0.9732216751532494,89995,1st_FPA_Client
BMW,1 Series,BMW,1 Series,Sport,Hatchback,null,null,202411156328683,8a42a3af932eddc0019330614c000c6c,2014-02-01T00:00:00Z,6499,null,null,3104013414be4e87a93959588bf8eb38,67,null,null,12995,1st_FPA_Client
Daihatsu,Copen,Daihatsu,Copen,Vivid,Convertible,3dcbf919365d372040003f869691b132,null,202503089912174,8a429f5b957187980195764d9d4c20ce,2006-06-13T00:00:00Z,2750,null,null,afa11f23984340b78e7f4e7e6abfe00e,15,null,null,2995,1st_FPA_Client
Kia,EV6,Kia,EV6,null,Hatchback,4660890ad06f4de1921ed2b66007210f,126683,202503210408249,8a42b88895b3cd0e0195b8af4de5210e,2022-03-16T00:00:00Z,26466,27387,null,b02e799961ec4f43a0aa266654fc9684,43,27387,0.9663709059042611,32870,1st_FPA_Client
Porsche,Cayman,Porsche,Cayman,987 S,Coupe,a8ecd807a6877f48f21fd9fb0c7b4bb5,10039958,202408223172033,8a42c6b091744cf001917a6cb83d7802,2008-01-31T00:00:00Z,8999,null,null,1fc36840ef8b4cf19accd7d6b1ba22ef,90,null,null,23500,1st_FPA_Client
Mercedes-Benz,G Class,Mercedes-Benz,G Class,AMG,SUV,aa4b127426a14060acb4bc73dfab2972,10030983,202503120048750,8a42c1db9585cc4c01958a4ab77a1aa6,2015-06-27T00:00:00Z,549995,78868,null,e84443c9b061417795a976f0e0429167,48,78868,6.973614140082162,128272.5,1st_FPA_Client
Porsche,911,Porsche,911,992 S/T,Coupe,227a86ec63514788940f9aabfc1be3cc,26293,202502249432743,8a42ecae952931460195383146192f0a,2025-02-03T00:00:00Z,429850,null,null,0af66954914847a9bbdd215f98a099fe,38,null,null,79989.5,1st_FPA_Client
BMW,7 Series,BMW,7 Series,L,Saloon,011975bab85472e127db3b6cd179dd5f,10025379,202503120051208,8a42c1db9585cc4c01958a75c10506e0,1999-11-19T00:00:00Z,16995,null,null,93b9bef4142841c2b76c5bfa8a010e5c,38,null,null,23222.5,1st_FPA_Client
BMW,3 Series,BMW,3 Series,M Sport,Saloon,64ee0cf7cd51415391dca0b0f21d85d9,10039812,202503200380605,8a42cbf895b3cd1e0195b4b424bf6df3,2019-06-28T00:00:00Z,19500,20666,null,c94ed7ca84f2405980fe710045a38bce,32,20666,0.9435788251233911,14790,1st_FPA_Client
MERCEDES-BENZ,A-CLASS,Mercedes-Benz,A Class,null,Saloon,4799cfa4257c4ca59356e4eb1f06322a,766386,202501238335414,8a42d6269493ebca01949402965e318a,2020-12-30T00:00:00Z,17990,18947,null,6cd90d90e675406f8623bc158159a897,17,18947,0.9494906845410883,16490,1st_FPA_Client
MAZDA,CX-5,Mazda,CX-5,null,SUV,13d9ccc1401848b38b0de0880ac31804,20626,202411055980946,8a42e5bd92fc8f410192fd5e626b013b,2013-01-31T00:00:00Z,2250,5660,null,7181a1e2855a42998c7f869093bbeed3,12,5660,0.39752650176678445,19995,1st_FPA_Client
Ferrari,812 Superfast,Ferrari,812 Superfast,null,Coupe,da77aef1d59c414c8d1af646494eb28c,10006555,202408062605360,8a42a942910d03fd019128e8321a2fea,2018-09-14T00:00:00Z,274995,null,null,1f23652a18a44b35b1f824ec5634fdeb,47,null,null,229945,1st_FPA_Client
MG,MG HS,MG,MG HS,Trophy,SUV,d39d36547b044afd955631823ff76ad7,9199,202502279564426,8a42b71595422c9f01954828492b172a,2024-07-15T00:00:00Z,19395,20172,null,a6cbd367522e44db9274c69c48164557,38,20172,0.961481261154075,17898.5,1st_FPA_Client
VOLKSWAGEN,POLO,Volkswagen,Polo,S,Hatchback,fb32f2e38cc741aebec0b039107e8456,10043440,202412317639465,8a42b6b49417492e01941d462e3a339c,2011-01-28T00:00:00Z,1395,2243,null,9a38ab03d57745e4a7bf86ec999e1206,45,2243,0.6219349086045475,12899,1st_FPA_Client
BMW,3 SERIES,BMW,3 Series,M Sport,Saloon,36f7bb0059074384903347084f7abe9b,10029937,202502028660654,8a42d6c394bbf8d00194c6cfe5e00ffd,2006-12-12T00:00:00Z,1995,null,null,93cfb82a9f89414ebcdbd09c4824c324,24,null,null,14790,1st_FPA_Client
DODGE,CHALLENGER,Dodge,Challenger,null,Coupe,null,28992,202411096129363,8a42d4c392fc8f53019311ec88135d42,2018-01-01T00:00:00Z,36995,null,null,b2a6c1dae7e6456995e0b08333bbf3e6,21,null,null,74995,1st_FPA_Client
BMW,1 Series,BMW,1 Series,M Sport,Hatchback,9ffcc824533d4cdfa16521d689bb2394,null,202503130118098,8a429c99958f36280195918148fb4b06,2014-06-14T00:00:00Z,7145,7502,null,27c294df879e46a7996363869a1eea65,28,7502,0.9524126899493468,12995,1st_FPA_Client
Audi,R8,Audi,R8,Performance Edition,Coupe,1f770c048a704a1c83d4f921f18c74a4,10031966,202409204274418,8a42b99091feffd70192108d26c5338d,2022-05-12T00:00:00Z,96985,102905,null,0cde247d29204b5e9840dbea4ae1711f,44,102905,0.9424712113114038,58995,1st_FPA_Client
Vauxhall,Corsa,Vauxhall,Corsa,Excite,Hatchback,62f38c54c84e47fda07f72fd284435bd,10029380,202503250550883,8a42cabf95ccfe3c0195cd44aead38f8,2011-03-01T00:00:00Z,799,2409,null,1a112deb2a8d4b5ab44205be1bcea18b,47,2409,0.33167289331672895,8299,1st_FPA_Client
BMW,M3,BMW,M3,null,Coupe,e02c0c3b02364e69a07f8c794b113dea,null,202503190309697,8a428dd995a35a060195adca089c0f24,2010-09-30T00:00:00Z,42995,33157,null,332571090b9346d79560738844c0058f,29,33157,1.2967095937509425,33437.5,1st_FPA_Client
Lamborghini,Aventador,Lamborghini,Aventador,LP 770-4 SVJ,Convertible,787f6c204e1e4e928808a968e9b3830c,745504,202309252342445,8a42b4508abd225e018acc8d03d218aa,2020-07-15T00:00:00Z,539989,null,null,07a04f9209aa4a12b1abb744d9684294,30,null,null,292495,1st_FPA_Client
Lamborghini,Aventador,Lamborghini,Aventador,LP 770-4 SVJ 63,Convertible,787f6c204e1e4e928808a968e9b3830c,10041778,202407141771210,8a42042990a6e73a0190b22204db27bc,2020-06-18T00:00:00Z,549995,null,null,e98b8e1b5b9f4c5abf0c9c750f70d1e2,53,null,null,292495,1st_FPA_Client
Lamborghini,Aventador,Lamborghini,Aventador,LP 770-4 SVJ,Convertible,787f6c204e1e4e928808a968e9b3830c,745504,202408313490705,8a42bfc091a3f6430191a7ae228720e3,2020-02-15T00:00:00Z,499989,null,null,5a0b37b9570b426a98c2cd1704aa5004,50,null,null,292495,1st_FPA_Client
Rolls-Royce,Cullinan,Rolls-Royce,Cullinan,null,SUV,ffcf84c928914a22a3fd9e56a0ad48c7,422611,202411156330418,8a42943b932eddb70193307e3b895918,2024-10-31T00:00:00Z,600000,null,null,be9df86185234ca78a0a49bef1ab3775,13,null,null,274999,1st_FPA_Client
Lamborghini,AVENTADOR,Lamborghini,Aventador,null,Roadster,f28e1669c0be42a3b034e4bb89939402,2745231,202503120034199,8a42e92f9585cc490195881076e8051d,2022-05-16T00:00:00Z,529000,null,null,08bdb06826474104bdc92ddb1f94d42a,42,null,null,292495,1st_FPA_Client
Lamborghini,Revuelto,Lamborghini,Revuelto,null,Coupe,a99178765f4d4a24b4d8ee1269fd8c87,10011236,202412016905895,8a42c1c893789415019383f7990e37ae,2024-05-20T00:00:00Z,562995,null,null,c2952a94a7244083a91ede0f1eab1a20,52,null,null,542492,1st_FPA_Client
Lamborghini,Aventador,Lamborghini,Aventador,LP 770-4 SVJ,Coupe,cf68b8033d6d44a8a160434e1506ca1a,83231,202411216563180,8a42b923933ffa0001934e56f3616015,2019-11-29T00:00:00Z,459995,null,null,309f567bf1ac4ab199412b75a21ec426,63,null,null,292495,1st_FPA_Client
Lamborghini,Revuelto,Lamborghini,Revuelto,V12 HPEV,Coupe,a99178765f4d4a24b4d8ee1269fd8c87,10024317,202504020869063,8a4288bc95f60d180195f69d2719027c,2024-11-01T00:00:00Z,565000,null,null,ba2be185860b4e99b73a3590dc057e13,38,null,null,542492,1st_FPA_Client
Ferrari,F12 tdf,Ferrari,F12 tdf,null,Coupe,2676f2f6d19d496eb2ccb372276ee5c3,1070016,202502048725503,8a4291e794bbf8ce0194d0d5990f3785,2016-11-24T00:00:00Z,795000,null,null,052e4ba5bef544729690d6a03ce01864,58,null,null,822475,1st_FPA_Client
Volvo,240,Volvo,240,DL,Estate,9e67677b97d76706972aa260092f2a7c,26938,202504091140236,8a42f01c95fc472b01961a7f5f0c56e3,1989-10-02T00:00:00Z,2400,null,null,44ed4b45abe4412aad2b033fa230986d,13,null,null,5447.5,Gallery_view
MERCEDES-BENZ,GT,Mercedes-Benz,AMG GT,null,Hatchback,cc847c5bf5de4a2f9a0ef748bad4d18f,721952,202502108948562,8a42b59294d67b4b0194f0631fad28f8,2019-06-17T00:00:00Z,65000,72930,null,544b01eed28141738fe44242324ac715,12,72930,0.8912655971479501,79985,Gallery_view
TVR,Tuscan,TVR,Tuscan,S,Convertible,a5e3498736ffbc733ebfb0e4a93ba3f6,null,202406261140092,8a4286a1904c8eb60190546238303f8b,2006-01-01T00:00:00Z,49995,null,null,0b73010d44dc4398a8ba8ed9437c609f,12,null,null,34995,Gallery_view
Jeep,Commander,Jeep,Commander,Limited,SUV,1f50d9a15f9bf87f73c9a297fbf468c3,10036314,202409194224468,8a420d8e91fee67201920acb73e347b2,2007-08-03T00:00:00Z,2795,null,null,677482fa2f864bf0baf41e9c48b525c1,50,null,null,4500,pipeline
Triumph,TR5,Triumph,TR5,null,null,null,10008241,202411226630066,8a42cda2934eaa2f019354bbbea70288,1968-06-24T00:00:00Z,59500,null,null,3851eae017fc476f9be99affa1670e21,37,null,null,59500,pipeline
ALFA ROMEO,159 SPORTWAGON,Alfa Romeo,159 Sportwagon,null,Estate,447e7ad9627458146b287812a21f815f,10044397,202503069825037,8a42c6e1956b3b1601956bb1a06a28d7,2009-03-31T00:00:00Z,2995,null,null,3bc7f2fb2c8a4e9c9250f8ed527b4d14,18,null,null,4675,pipeline
Austin,Healey,Austin,Healey,null,Convertible,null,10016487,202308241135660,8a42db528a2259a6018a25dfede67f18,1966-03-22T00:00:00Z,61990,null,null,c2335c5c462844f18950eda18ac2f24e,50,null,null,27500,pipeline
GMC,Yukon Denali,GMC,Yukon,null,Four Wheel Drive,null,10005133,202406070518832,8a42e6768fe36ec6018ff322ccb61d72,null,129950,null,null,a0e1df1217454ddda1615c4143b827a5,3,null,null,77472.5,pipeline
CHEVROLET GMC,C10,Chevrolet,C10,null,PICK UP,null,10034723,202402276980983,8a42dbb18de60d56018dea221695077f,1956-01-01T00:00:00Z,42995,null,null,b7006f077e77456ebf4b58c82cd6d4bc,45,null,null,42995,pipeline
Volvo,240,Volvo,240,null,Saloon,null,null,202408112779693,8a42ff47913776060191434604ab100c,1975-06-05T00:00:00Z,8495,null,null,fee32aa528774327832f584b43a864ae,76,null,null,5447.5,pipeline
Austin,Mini Cooper S,Austin,Mini Cooper S,null,Saloon,null,null,202502018650864,8a42b9c494bbf8ce0194c344a3406a35,1968-02-06T00:00:00Z,69950,null,null,cdc46104c9824e9f8ae539690b0bc56d,48,null,null,38995,pipeline
Volkswagen,Campervan,Volkswagen,Campervan,null,Camper,null,null,202503059767008,8a42a0229560e2120195658a4fee390e,1980-04-14T00:00:00Z,3000,null,null,cc020b37701f4baa964cc4a856573bea,19,null,null,28990,pipeline
ISUZU,D-MAX,Isuzu,D-Max,null,PICKUP,5013f914e188457da5c2aff302827e80,2997,202503019638192,8a42cfbb954d73a70195522f9f3a04c3,2025-03-01T00:00:00Z,59995,null,59344,dc84725e325f43869049e2c0ae9a6d9e,31,59344,1.0109699379886763,28795,pipeline
RBW,Roadster,RBW,Roadster,null,Convertible,90be55d36f114eafa0de526f67a08905,10044762,202504030900351,8a42d64395f60d210195fac4f81349fb,null,126000,null,null,1fe8d3fd33fc4a56bf0da1643098e129,3,null,null,126000,pipeline
