public_reference,vehicle_make,vehicle_model,imageId,method,Family_Car_Score
202405139656294,Kia,Carens,244acb811ebc442686f6448d8cb4d54b,fuzzy,0.6759570009142246
202412097138613,BMW,2 Series Gran Tourer,a2b3260b8ac7451f9c9236ffbc62c873,fuzzy,0.6997753516823334
202411216566874,BMW,X7,40e6106673b044b0bf930160eaed4675,fuzzy,0.6972391648793929
202412207457296,Peugeot,5008,97d33e53a0ff4310818455e755a4b7fb,fuzzy,0.6950000340095097
202411216565940,Land Rover,Discovery Sport,5e2da59280e54f68898ce9e919825df1,fuzzy,0.695000003706256
202412207449945,Citroen,Grand C4 Picasso,012ced7b5fce47ec9a7b2fef78936fb5,fuzzy,0.6997468757904945
202402026155194,Volkswagen,Touran,d1c58b0ecf5242fb874eba25528c73cb,fuzzy,0.6994603814343034
202204124592737,Audi,Q7,3ec5314b330b448fbb8ec0b75d0ab789,fuzzy,0.6958572896404921
202410315816604,Kia,Carens,2bac45a5bdf344efb0811820625675c8,fuzzy,0.6759570009142246
202412046981144,Volkswagen,Touran,0f41e83d5fc34d8b8f3b67d8f3f24e7e,fuzzy,0.695055921229901
202410175309837,Hyundai,Santa Fe,c6582d9d7a424fef91c3cbd6c4b69217,fuzzy,0.6950000026966174
202409294625615,Volkswagen,Touran,99dd4da77cca442ba6862b88f0fc4fb3,fuzzy,0.6994603814343034
202412067055633,Mercedes-Benz,GLE,6ea31650fe34423391885f8246e4773a,fuzzy,0.699804982289614
202411216563767,Mercedes-Benz,R Class,fffce577a79a4251881c5177c8787936,fuzzy,0.6995778006845927
202412077085661,BMW,2 Series Gran Tourer,8b46622509104e05963c03c693b5dd3b,fuzzy,0.6997753516823334
202412177352353,Peugeot,5008,e36b73c4f088450d8af9f3e999f86b45,fuzzy,0.6996186998726359
202412036971285,Nissan,Qashqai+2,e464f5452ffd4a778abd8739796a608a,fuzzy,0.6991758610077506
202412167315378,Citroen,Berlingo,7f9c5ecca2ef40738bde1e6c9f7a83e2,fuzzy,0.6950000008475926
202411015848080,Kia,Carens,4ac7e9370704422787c12de0cafed978,fuzzy,0.6759570009142246
202411256701688,Land Rover,Discovery Sport,b140f93a190044dfbd1d80e8e986f8f2,fuzzy,0.695000003706256
202412277554109,Mercedes-Benz,V Class,280d60dc81494d37ad26086a7dc2470c,fuzzy,0.6998223015782498
202409053674390,Chrysler,Grand Voyager,f888d93af5f24e409ddc0560fb58941d,fuzzy,0.6967975429193466
202412237506306,Kia,Sorento,ca94c4eb9cf14cbaa58198bd7ece227b,fuzzy,0.699822573701145
202411045923370,Volkswagen,Touran,d424cbff02da43128c721ddd693cf3e1,fuzzy,0.695055921229901
202412117182721,BMW,2 Series Gran Tourer,7229fe6f2f4a4777b3ae662c2e5b8933,fuzzy,0.6997753516823334
202412107158945,Volkswagen,Touran,58c24fbdbc2e4004abe5da8308e3dbf3,fuzzy,0.6994603814343034
202407151790605,Hyundai,Santa Fe,c0fd626892b841f48f9b36af16c6c4e0,fuzzy,0.69365331069874
202411096128785,Mercedes-Benz,V Class,d00ee2ae9d0a4e6984147cf1460d35fe,fuzzy,0.6998223015782498
202406110643486,Audi,SQ7,c061b3af438c4e22bae6935824e3069e,fuzzy,0.6993085458341207
202409053694737,Hyundai,Santa Fe,ac84dfc1eadf46cfb6caea4d7947490d,fuzzy,0.69365331069874
202411146294746,Peugeot,5008,68c8187ecabc4228b1dfe44245b47f9e,fuzzy,0.6950000340095097
202407312349940,Kia,Carens,f57964560e7542609e2cd952714d1a5c,fuzzy,0.6759570009142246
202412237494725,Mercedes-Benz,GLB,55b5af2884e54ff7842cb21ea19f9596,fuzzy,0.6996913267321843
202411296867027,Ford,S-Max,124bfb1694d647259b22c03cc78c03a8,fuzzy,0.6949999999999998
202410245546806,Citroen,SpaceTourer,c19de2b223c54be391735432f2d260af,fuzzy,0.6953195500974798
202410034782727,SsangYong,Turismo,c7605aaaac1743eeb6f691be5f0f7beb,fuzzy,0.695005724887212
202411296855829,Nissan,Qashqai+2,5c5ffb6f5921426ea4d4c921a49efffc,fuzzy,0.5504258706525094
202411055969186,Citroen,Grand C4 Picasso,cf2002e684034a0fb924a1943145bdfc,fuzzy,0.6997468757904945
202411206512449,Chrysler,Grand Voyager,6fb0b1db011e4e2aad731d53b86c217d,fuzzy,0.6972391648793929
202412197413480,BMW,2 Series Gran Tourer,980a1c2f87bb44f8bcbcc8a8d300a98f,fuzzy,0.6995208509099587
202410235511799,Citroen,SpaceTourer,1ce6397cf1a54372bf07812938778270,fuzzy,0.6953195500974798
202412247527608,Nissan,Qashqai+2,56f0ac9c3c344439903b478109b4d15e,fuzzy,0.5504258706525094
202410195385676,SsangYong,Turismo,eda8182db66b436998481f5cb73cb039,fuzzy,0.695005724887212
202410285700860,Audi,Q7,a0bfd51bed2e4183a8581a7e54d304c8,fuzzy,0.6958572896404921
202411306870654,Nissan,Qashqai+2,13055f53fd6b45038908f8f85d0c1ff9,fuzzy,0.5504258706525094
202202062216987,Audi,Q7,4ae9d5c838614cbb88fbf973300e15a5,fuzzy,0.6958572896404921
202411206502145,Peugeot,5008,0ec6d52f0fef43eab471a6fefead4e58,fuzzy,0.6950000340095097
202411256694965,Volkswagen,Tiguan Allspace,84c32360c4974f3fb9660471b2075669,fuzzy,0.69939094617261
202410175287517,Audi,Q7,2a6563e1176a41c798ad4224965ae666,fuzzy,0.6950102734534298
202411236653540,Audi,Q7,79f1972611f54c4abd3d5bde7d42ba46,fuzzy,0.6958572896404921
202410245553134,BMW,2 Series Gran Tourer,e8fe9970637947248b7cbefd8e8791b9,fuzzy,0.6995208509099587
202412046981562,Mercedes-Benz,GLB,4c586b4e9174443e94620c638d5f555e,fuzzy,0.6996214408726261
202409234364979,Mercedes-Benz,EQB,962740927a3f417e8a2b4a4fb24fdad3,fuzzy,0.679469762236475
202411296854735,Mercedes-Benz,EQB,b7c4577748b94d438f38aabac2e55621,fuzzy,0.679469762236475
202411086077317,BMW,2 Series Gran Tourer,bdc709d978a74632800ad568f1429483,fuzzy,0.6997753516823334
202410095018981,BMW,2 Series Gran Tourer,c5aa3172a6554bc888b108f990326e01,fuzzy,0.6995208509099587
202411156328741,Volkswagen,Multivan,1651bf0451f448d69458431d12f7803a,fuzzy,0.6271334333037243
202411206508735,Vauxhall,Combo Life,159e15e0a4d04900803737304d37d261,fuzzy,0.6997024399406784
202410245546171,Vauxhall,Combo Life,842893fcae874512ac1f2f62ef38bb1e,fuzzy,0.6952215121620587
202410165273423,Volkswagen,Touran,a68e1d3a0b62483ab7499c9ce4cce3d6,fuzzy,0.6994603814343034
202411226617082,Land Rover,Discovery Sport,1701a678a6e544fd9783895fe6165be6,fuzzy,0.695000003706256
202412197418169,Mercedes-Benz,V Class,f42d01d258134f18addbafc618e88399,fuzzy,0.6950000002886577
202312114725112,BMW,2 Series Gran Tourer,a15ef0ad1e7a482f9a955f15658156e0,fuzzy,0.6995208509099587
202411196450594,Kia,Carens,f3a86b85aeda422dbca0297b2d3f112b,fuzzy,0.6759570009142246
202412046994862,Mercedes-Benz,GLE,e9a59826f8f04bf5ac3bf42722712297,fuzzy,0.699804982289614
202412177367660,BMW,2 Series Gran Tourer,baa1e67ed33d4420974504374cc5ec65,fuzzy,0.6997753516823334
202411196441109,BMW,2 Series Gran Tourer,39251c4819fc4eae861552c6d0b0a646,fuzzy,0.6995208509099587
202412187378663,Kia,Sorento,1c587c5fc56444f884b7aba87c5be2fc,fuzzy,0.6998196480259519
202412287578326,Vauxhall,Zafira,b1b46ffd2451408fb71fb78f054aacfe,fuzzy,0.6997753516823334
202407011301159,BMW,2 Series Gran Tourer,b2e4289dc6e44ae18e8afa1b40e4332e,fuzzy,0.6995208509099587
202410165267972,BMW,2 Series Gran Tourer,d856a65e1e5b42b896a0352d326ffe8f,fuzzy,0.6995208509099587
202409113930030,BMW,X7,ff09e039f9c1481ca69b0944b1b88657,fuzzy,0.6972391648793929
202412187377406,Mercedes-Benz,GLE,f66d32ab581b4d0c94b76f23ff3ee926,fuzzy,0.699804982289614
202409113908393,Volkswagen,Touran,7a406bca1e554efba3f0da72aeb9cd00,fuzzy,0.695055921229901
202408303461065,Vauxhall,Combo Life,cb776b4a19b04243b936da6e71ba6ca3,fuzzy,0.6997024399406784
202409274574260,Peugeot,5008,d3575161e189410d875abe1c7cd80839,fuzzy,0.6950000340095097
202411045918076,Peugeot,5008,babfbc35883a4959ac5c8bb3f9a42b49,fuzzy,0.6950000340095097
202409264478897,Land Rover,Discovery Sport,c6b2e1b229c443939aa7d1478352704a,fuzzy,0.695000003706256
202412046994074,Citroen,Berlingo,b35a93810c4144c28900d983da0bdce2,fuzzy,0.6950000008475926
202411116178680,BMW,X7,cd735d85c7dc44c6ba0ace94f1eec292,fuzzy,0.6972391648793929
202411306883630,Fiat,Doblo,3322d1031a204b43b62063ba26857a97,fuzzy,0.6954555000680439
202409264459393,Mercedes-Benz,GLE,64af8ab9dee14160a2f1d8d827997fdc,fuzzy,0.699804982289614
202412237498742,Kia,Carens,a0c7429dd875475dae57a2b50001f098,fuzzy,0.6759570009142246
202408223172754,Mercedes-Benz,V Class,e116628404e74b64a3eb6804a0353f30,fuzzy,0.6950000002886577
202411186413599,Peugeot,5008,7aee9db0bca741e286047e1b2a42dbe7,fuzzy,0.6950000340095097
202411146297477,Citroen,Berlingo,aecf5a3d646b4a30afb427d2dca57e77,fuzzy,0.6950000008475926
202410024761763,Ford,Tourneo Custom,c05da76d2aa34ccf9c280af7f79c3090,fuzzy,0.6950000000715193
202412127212171,Peugeot,5008,9e9b7058f1cc4a2ab4f218b970a48074,fuzzy,0.6950000340095097
202412137262262,Peugeot,5008,a69b823339b84daaaedfcd5264a3bb53,fuzzy,0.6950000340095097
202411176382081,Audi,Q7,225c183ac0c7490780694edacd0d92e6,fuzzy,0.6958572896404921
202412067075500,Nissan,Qashqai+2,ce29e1d209124b479b4e56c425bee331,fuzzy,0.5504258706525094
202412127225625,Mercedes-Benz,V Class,a7cbb497c6cc438b8928b12792b80ef8,fuzzy,0.6950000002886577
202412217464924,Kia,Carens,e42698658ee7465e8a19f6dfdec44d60,fuzzy,0.6759570009142246
202406060482017,Peugeot,5008,5d2e94a0587d4abc874e2156325fb57c,fuzzy,0.6950977246218828
202412057015562,Volkswagen,Multivan,f389c850cc8e48deb00c77ebfee163aa,fuzzy,0.6271334333037243
202409294641868,Toyota,Land Cruiser,550e8c7d87a5482daae936770bb825a9,fuzzy,0.6998157355565536
202411256697793,Land Rover,Discovery Sport,a068a1dfd1e64b79aa035b22222ea95a,fuzzy,0.695000003706256
202412217468893,Volkswagen,Touran,4b1d77c3a3cc4688bd055bad24ff4bf8,fuzzy,0.6994603814343034
202409194203650,Peugeot,5008,9ac65a11cf0645c593b357a30a5969fb,fuzzy,0.6950000340095097
202410295711564,Mercedes-Benz,R Class,8092248ee56541c39eb33cc6f6325a91,fuzzy,0.6995778006845927
202411045927722,BMW,2 Series Gran Tourer,1a7bbb2036e04b459b3efcf1e674e9c1,fuzzy,0.6995208509099587
202411096119484,SsangYong,Turismo,30b23e8ba9134dd8a2fb2c79e05d134b,fuzzy,0.695005724887212
202409093832542,LEVC,TX,826c9542e2e04366b73453e37abe079a,fuzzy,0.5014447509286197
202412287582082,Citroen,Grand C4 Picasso,479c463a827a4d3f9cb27812b34b6e6d,fuzzy,0.6997468757904945
202412127233865,BMW,2 Series Gran Tourer,d7ab99785b7043848a37ad16b935847a,fuzzy,0.6997753516823334
202412117195467,Ford,S-Max,5d5510dea4184643a636541f7b733950,fuzzy,0.6949999999999998
202411266754664,Audi,Q7,3d583d4ddfec47a3852baa3ed5a42c0c,fuzzy,0.6956976133425303
202412046984248,Kia,Sorento,90ce1a9c25d94650b7b50a46115b3e7e,fuzzy,0.6998226414162284
202411086090422,BMW,2 Series Gran Tourer,3e69bc03ae914f8d996653cf903f5c3b,fuzzy,0.6995208509099587
202411226635375,Renault,Grand Espace,6b05854ae0f241d2bee7c06df67a1b67,fuzzy,0.577920684962144
202411045925558,BMW,2 Series Gran Tourer,6e66eae3a4f64367a105cd6f960633b4,fuzzy,0.6995208509099587
202412117193087,Mercedes-Benz,GLB,8e98dfed19ae408a85a1fd2fbdf22fa4,fuzzy,0.6996913267321843
202412107155177,Peugeot,5008,734ca49bef25495f9cc547558c94c13e,fuzzy,0.6950000340095097
202412137252459,Vauxhall,Combo-e Life,9a4edfa6a23e4764a81377aac7b8a12b,fuzzy,0.6997024399406784
202411166366215,Nissan,Qashqai+2,a275b2770bca4dccab4fdb31a8230ba0,fuzzy,0.5504258706525094
202410235533111,Volkswagen,Tiguan Allspace,fde6ede2e9e94170a22616d071fdef85,fuzzy,0.69939094617261
202410295730010,Peugeot,5008,b9156122547241b59cc546e8067c55f9,fuzzy,0.6950000340095097
202412127230233,Peugeot,5008,e011fc8436b842438a0774021f671d79,fuzzy,0.6950000340095097
202408213118358,Volkswagen,Touran,473ed7af9fe74960ac758904d41072b7,fuzzy,0.695055921229901
202411116170578,Peugeot,5008,167c9f4cb7a549879bdaf60382fffcde,fuzzy,0.6919944662501842
202409033611327,Mercedes-Benz,GLB,70af3a7abeb54806a7420162c41f2ac0,fuzzy,0.6996913267321843
202412046981687,Mercedes-Benz,GLB,78a64822578d4ea4aa094370aa3e7b99,fuzzy,0.6996913267321843
202412147277048,Mercedes-Benz,GL Class,0119caa67e0740fbaa977555cd0b983a,fuzzy,0.6998166362419247
202411186400457,Volkswagen,Touran,98e93f4c3a124334af575379b28c7cd8,fuzzy,0.6994603814343034
202411065995248,Audi,Q7,0b44fb74714d47c1a4d9b831e277c5bf,fuzzy,0.6956976133425303
202410295718875,Hyundai,Santa Fe,a436e4bb3b9e42bd99b81c3d4dec9690,fuzzy,0.6950000026966174
202412107156876,Mercedes-Benz,GLB,aafd5b3f18194fa8bcdac5dfcfa83ff1,fuzzy,0.6996913267321843
202412157290697,Vauxhall,Zafira,d497af79c886440c86aac559e1e2c301,fuzzy,0.6997753516823334
202403278028802,Citroen,Berlingo,ac77c663a5e44da1b5c6e3030d4aebf7,fuzzy,0.6950000008475926
202411256725973,Citroen,Grand C4 Picasso,2b69dfca780e46cba70b9fb56ee301b1,fuzzy,0.6997468757904945
202411196469451,Peugeot,5008,716258eb24394c389108ccc0e97f10d0,fuzzy,0.6950977246218828
202410235529278,Mercedes-Benz,V Class,09b77293d3cf492ab099ac9ccd2ae8a2,fuzzy,0.6998223015782498
202412067071364,Nissan,Qashqai+2,39154579d506466da716fd64b29d7d1a,fuzzy,0.5504258706525094
202403087345668,Renault,Grand Espace,1f47738748384ad88ef6bd3c5c394714,fuzzy,0.577920684962144
202412197423154,Nissan,Qashqai+2,f73b934383124b6ab20ea3d3fbc8b7e8,fuzzy,0.5504258706525094
202412097132062,Citroen,Berlingo,5e43c3d204f94102abe7d6d87b78d762,fuzzy,0.6950000008475926
202409194212069,BMW,2 Series Gran Tourer,14db6602d5e14515953a292ed10ba335,fuzzy,0.6995208509099587
202408223178280,Citroen,Grand C4 Picasso,f5725cf9d7cf4b07b1deec2d6b69a8d4,fuzzy,0.6997468757904945
202411096128537,BMW,2 Series Gran Tourer,7e4bda6703bd46de825caf79761c03a1,fuzzy,0.6995208509099587
202412057032068,Audi,Q7,41d5ef966e7340f7b55578c3ade09a60,fuzzy,0.6950102734534298
202410044839750,Audi,Q7,f098968f87204c5b839bba64501ecda9,fuzzy,0.6950102734534298
202409264506680,Mercedes-Benz,GLB,1ed1f83ee3b7481b8e2b81d958fc2122,fuzzy,0.5735078621679288
202409264466447,SsangYong,Turismo,4c023b4b56ec418bbbc50a6fd07e091f,fuzzy,0.695005724887212
202412247523141,Peugeot,5008,bd5bbf781e1c453c988996fc3ab5b11a,fuzzy,0.6950000340095097
202409264466123,Mercedes-Benz,GLE,68d3b3aa5cca4b67bd015a675b82126f,fuzzy,0.699804982289614
202410145174745,Peugeot,5008,66e8e6ba687f47a392c578cbb26c70bc,fuzzy,0.6996186998726359
202409254438058,Peugeot,5008,f5c367dd686b4a12b69b42086b56cfb7,fuzzy,0.6950000340095097
202312315149487,Nissan,Qashqai+2,3551a760e5ba48d383e85bff07ab62d8,fuzzy,0.5504258706525094
202408283368636,Audi,SQ7,2973ed0c197f4cc89998c17bb70f9ed8,fuzzy,0.6993085458341207
202412016897210,Audi,Q7,1ac1b8c95bd6471abf2722c6eb7ac1b4,fuzzy,0.6958572896404921
202412117185047,Kia,Carens,2bbffe0a85654f3ea7c59b30db6e8413,fuzzy,0.6759570009142246
202411266754719,Peugeot,5008,afe998fe95b1489494ede478edf6ec04,fuzzy,0.6996186998726359
202412107168783,Land Rover,Discovery Sport,bf51fa05e76e483ebaeb6f3d8867745b,fuzzy,0.695000003706256
202405099536583,Peugeot,5008,62a44dfce09a440f826e55a28ad2553c,fuzzy,0.6950977246218828
202410155206812,Kia,Sorento,ae578ad2b9d94252b1059261fb6e106b,fuzzy,0.6998226414162284
202410245543776,Kia,Sorento,2452fdc9a05d4b9a90ad181bc37edd03,fuzzy,0.6998223836559095
202412217473075,Audi,Q7,988f44d3a60f47f480c2f9142e5a4c78,fuzzy,0.6962765588645331
202406291260392,Mercedes-Benz,V Class,607b309e3ed8437c9dba5d414941dc03,fuzzy,0.6998223015782498
202410285664822,Hyundai,i800,b92893825f334e1a9b5f302ea0c07c0c,fuzzy,0.6950225768502594
202411276781356,Volkswagen,Touran,fe25d035b5454760a4cce2fb6bb93da6,fuzzy,0.6994603814343034
202401225780201,Toyota,PROACE Verso,4bedd257ea334b78a589cbd44166f03b,fuzzy,0.69939094617261
202412267543271,BMW,2 Series Gran Tourer,92213e5df0264a02a0513d600072c930,fuzzy,0.6997753516823334
202411186400612,Volkswagen,Tiguan Allspace,6e27d3229f2c4357a4a2aaa0d0faf01d,fuzzy,0.69939094617261
202408172988093,SsangYong,Rodius,a2bd86023ad5416aa9abfdf7d8c986fe,fuzzy,0.695005724887212
202412046977930,Peugeot,5008,0364f9454ad54302b20a45f6d5e1470f,fuzzy,0.6950000340095097
202412147277598,Vauxhall,Combo Life,df5296060fcf4c1399c390020e45262f,fuzzy,0.6952215121620587
202412046995708,Chevrolet,Captiva,553cec37a0614eecb61806dfec055604,fuzzy,0.6136994951340425
202406190916044,BMW,2 Series Gran Tourer,83358c0c0274451ba01c1819219976ec,fuzzy,0.6995208509099587
202412127227556,Hyundai,Santa Fe,3446d9d7f21849789f5296b58d6b8893,fuzzy,0.69365331069874
202411126204832,BMW,2 Series Gran Tourer,73bc495652c34b32a03d9419edcdaf4f,fuzzy,0.6997753516823334
202411146276416,Peugeot,5008,4bf365f1c6944cbd8a3387ae1c66058d,fuzzy,0.6950000340095097
202412137265111,Vauxhall,Combo Life,3a1f07b7b1a44d80a26b5cfbccdfe329,fuzzy,0.6952215121620587
202412277554530,Mazda,CX-80,30d5f048fb89437b9524d11b6d0bb87a,fuzzy,0.6996375529820781
202412117176522,Audi,Q7,13414bd6ff9a4fffb627887fa666dcdb,fuzzy,0.6956976133425303
202411276792898,Peugeot,5008,e7abb6182987432da250f68123650a49,fuzzy,0.6950000340095097
202410024733932,Hyundai,Santa Fe,bbef64f4da3742998a8787b2af828b80,fuzzy,0.6997024399406784
202411086096246,Land Rover,Discovery Sport,cdc80b313cbc41c58ce2286757e5f76d,fuzzy,0.695000003706256
202410315789896,Mercedes-Benz,GLB,e1fe15761fd541acbcddadd92ae48edc,fuzzy,0.6843081520605
202409123943445,Citroen,Grand C4 Picasso,8506f029dd0d48e98cb4c67b48d07156,fuzzy,0.6997468757904945
202410245552874,Kia,Sorento,a4785729b6484fbb93cdf12caa095c36,fuzzy,0.6998226414162284
202411086090817,Mercedes-Benz,R Class,39f3fdcc7e744eff956fe01caed6ba97,fuzzy,0.6998003036923308
202412187394019,Citroen,C8,531ceb8a78cb4691b7aa1d6742c19310,fuzzy,0.655971939062028
202410125125717,Volkswagen,Touran,48132198bf564251aef6ccef67c0794f,fuzzy,0.6994603814343034
202409254431382,BMW,2 Series Gran Tourer,4be15e1205134ec28b1b0f992c0b5234,fuzzy,0.6995208509099587
202412097136323,Hyundai,i800,d3fd3414483a476f8b7a80685e9b8dfb,fuzzy,0.6950367381542084
202411196472691,Volkswagen,Caddy Maxi Life,4ea8115030d745eaaa3b65adb0959a4d,fuzzy,0.6972517123357412
202412167319876,SsangYong,Turismo,34208a4a8edc4c6d869864bcfcb372f2,fuzzy,0.695005724887212
202411166359745,BMW,2 Series Gran Tourer,8ea26f855ad94799bd307518acd1ff77,fuzzy,0.6995208509099587
202411156324356,BMW,2 Series Gran Tourer,d39db1a7194740d093a62aeeae9a872b,fuzzy,0.6995208509099587
202412046981650,Mercedes-Benz,GLB,e20b07601fa94567bdf0251854308770,fuzzy,0.6996913267321843
202412187384144,Mercedes-Benz,V Class,ba3d5ebd76cd405fa1f4a7c1fca92219,fuzzy,0.6950000002886577
202412297592368,Kia,Carens,c0ea0fe0ebf744ad8b1b4218a9390500,fuzzy,0.6759570009142246
202408122800283,Mercedes-Benz,GLS,aae8f72352ea4dc9996bdedc34489b2a,fuzzy,0.6996110394746315
202410295737997,Toyota,Land Cruiser,46624f10aed0488db52a668ef1d6e7b8,fuzzy,0.6998157355565536
202412167323702,Kia,Sorento,14f99fff0cd24039b64b4706a961a20c,fuzzy,0.699822573701145
202410165262423,Volkswagen,Tiguan Allspace,392bf96746c34fb0b36e6d42e4268e72,fuzzy,0.69939094617261
202411296841042,Toyota,Verso,8c773aab030e4630a0114a3f8f1fceb7,fuzzy,0.6997379876069553
202411286812046,Mercedes-Benz,GLE,6073dfbe6d654f8db77fc526b6805501,fuzzy,0.699804982289614
202411186420099,Mercedes-Benz,V Class,40727b1452b440fea47a1631259e7d2f,fuzzy,0.6950000002886577
202403027156236,Vauxhall,Zafira,2445cf0612a242948c89bf2c9249463f,fuzzy,0.6997753516823334
202409254449102,Peugeot,5008,ffd4ea0014134166939991c6d83b2664,fuzzy,0.6996186998726359
202412207437125,Audi,Q7,638c21d3c8ef4e8b81dc42ed257adc05,fuzzy,0.6958572896404921
202412097136320,Nissan,Qashqai+2,436fbc0267504f1eb3022da3af938750,fuzzy,0.5504258706525094
202408213123987,BMW,2 Series Gran Tourer,8bef6c0fad2c438494d39591b7416348,fuzzy,0.6995208509099587
202412287573757,Land Rover,Discovery Sport,e871bb459a654aa787354ef6681a5889,fuzzy,0.695000003706256
202412217462683,Volkswagen,Tiguan Allspace,96b20690b15a47f6b643d7abe262358e,fuzzy,0.69939094617261
202304206502215,Peugeot,5008,4cdf4194067e431983a2a83175ca6ed5,fuzzy,0.6996186998726359
202312305142273,Nissan,Qashqai+2,00565307194047d1b17f1819b1902557,fuzzy,0.5504258706525094
202412057026625,Peugeot,Traveller,a0a32a54b09945cd9668206b1e736d73,fuzzy,0.6953195500974798
202411015823205,BMW,2 Series Gran Tourer,ac4150ff1a5749148cc600e411b50d86,fuzzy,0.6997753516823334
202412107153256,Chrysler,Grand Voyager,7b1877d01f8142ddb38f9a898ff0568c,fuzzy,0.6967975429193466
202412207455495,Land Rover,Defender 130,de5d8132a6254910809bd08f0a034521,fuzzy,0.6950000002778095
202412177361459,Land Rover,Discovery Sport,e3ab4aece2bb48b88bd64abc3a758ffe,fuzzy,0.695000003706256
202412026936426,BMW,2 Series Gran Tourer,45971458acab49e7ae75b3570efcef24,fuzzy,0.6995208509099587
202410265629951,Peugeot,5008,d1f1892f41c7486680cf994e7e79c8f3,fuzzy,0.6950977246218828
202408233198288,Mercedes-Benz,GLB,b38afde5f724413b91833ede573b7ab2,fuzzy,0.6996913267321843
202411136263174,BMW,2 Series Gran Tourer,f5605f8c2f6c431d9903917e385addc8,fuzzy,0.6995208509099587
202410195372839,Kia,Sorento,6f1d3d3531a44d56b18d6bd6c8df9ff7,fuzzy,0.6998226414162284
202404198833041,Chrysler,Grand Voyager,2c35d7a7ef9f40f0a5f9ff219d52006f,fuzzy,0.6972391648793929
202410135150740,Kia,Carens,a16fd5e1f0534cbf8c171eae24271956,fuzzy,0.6759570009142246
202412097125873,Vauxhall,Combo Life,f4a79250f5b54f378354527312dda02e,fuzzy,0.6997024399406784
202409194207189,Toyota,Verso,4e27582cbf23493f8880077a7cf34e91,fuzzy,0.6997379876069553
202407151800482,Hyundai,Santa Fe,0a2d4968037b4852bf61456a3fca1646,fuzzy,0.6997024399406784
202411226626253,Citroen,Grand C4 Picasso,2d7af347c15041ce971ed99ca2b08803,fuzzy,0.6997468757904945
202412147281847,Citroen,Grand C4 Picasso,73129276881e445f8fe7f4f2ec771b9a,fuzzy,0.6997468757904945
202412147279817,Citroen,Grand C4 Picasso,02f25a2aaa894ee2bd38fa4706efd7de,fuzzy,0.6997468757904945
202410185331111,Hyundai,Santa Fe,7d2104dba6db430aadb5b1a3349641b9,fuzzy,0.69365331069874
202411276799340,Vauxhall,Zafira,eced04602e1445c4ae587d1ea43f08f9,fuzzy,0.6997753516823334
202403298110635,BMW,2 Series Gran Tourer,ae04aa493ddc4d68a3be0c7166386bed,fuzzy,0.6995208509099587
202405209906546,SsangYong,Turismo,4b3fc0c5f0224e3aac54b49df2483055,fuzzy,0.695005724887212
202411216582389,Nissan,Qashqai+2,8e4cc6bd441148ffbc9bdde3b5cecaac,fuzzy,0.5504258706525094
202410235527899,Mercedes-Benz,EQB,2b9e1db04d23479abdb3ddb21d1bb81e,fuzzy,0.679469762236475
202412077093401,Vauxhall,Zafira,b9ffa86029f64507b01520c010fec80b,fuzzy,0.6997753516823334
202412057027660,Mercedes-Benz,V Class,98dab7e910e04cf99fba8602d3a03492,fuzzy,0.6950000002886577
202412117190813,BMW,2 Series Gran Tourer,d1a015fb0363439da13e8b5a1a005cf4,fuzzy,0.6995208509099587
202412036970581,Kia,Carens,0059682c43e74a9b8eae2e713328e827,fuzzy,0.6759570009142246
202411216582438,Ford,Grand C-Max,e9e7ae2dc9ce4e77be6cac4fc0ba6f4c,fuzzy,0.6442587715379883
202412036963834,Volkswagen,Touran,6a6e483139d9428186e8477d11b51e79,fuzzy,0.6994603814343034
202411206505560,Citroen,SpaceTourer,d1f11fbb284c4ac9879322ac799b86b1,fuzzy,0.6953195500974798
202412097122788,Land Rover,Discovery Sport,f7782f2682f34d37b311c45d13f0de06,fuzzy,0.695000003706256
202412137256668,Volkswagen,Touran,8f219e4820884bc0895361841593cbf2,fuzzy,0.6994603814343034
202411256711661,Peugeot,5008,c8ce28593ba241da88c654d63547f04f,fuzzy,0.6919944662501842
202412137263393,Hyundai,Santa Fe,880b9133838d4215bf9f94c4c2003ed1,fuzzy,0.6950000026966174
202412127227523,Kia,Sorento,a8c3e3af1c224278a2c180914686dfbf,fuzzy,0.6998196480259519
202412167317835,Mercedes-Benz,V Class,ac09668178314d108890e2dbb45a4be2,fuzzy,0.6950000002886577
202411286800090,Toyota,Land Cruiser,8264ee6b191340ea853c5d737aefa7da,fuzzy,0.6998157355565536
202412177350362,Peugeot,5008,eb6bde052679406aafb7da1718c967b1,fuzzy,0.6950000340095097
202411146302392,Volkswagen,Tiguan Allspace,c519b1a9717a40559f3c1f8bbc24d111,fuzzy,0.69939094617261
202412137242591,Volkswagen,Multivan,82e411fedaca405f9b76ed4eb478aba6,fuzzy,0.6271334333037243
202410074916058,SEAT,Tarraco,749023c1db044bea94d600e0a48b97bf,fuzzy,0.69939094617261
202411015851848,BMW,2 Series Gran Tourer,5a48ee8f2c09472497ed39c3d5c90718,fuzzy,0.6995208509099587
202407071525078,Vauxhall,Combo Life,9249ce00f0a049558e02a4be39523448,fuzzy,0.6997024399406784
202412167326576,Audi,Q7,5e3980a99ac94542beea823092ec5f3e,fuzzy,0.6950102734534298
202411015846134,Peugeot,5008,83db61fb565845eeb11ef3a08e0cf3e7,fuzzy,0.6950000340095097
202410305756097,Peugeot,5008,6d52c343f7e443ea90ae6ee751908bc9,fuzzy,0.6950000340095097
202410235500936,Audi,SQ7,bb2b7323e686482285bab63aa529bf1a,fuzzy,0.6993085458341207
202412177345495,Mercedes-Benz,GLE,b149673a766a47efa6dc5e5f73b1b10a,fuzzy,0.699804982289614
202411055958366,Vauxhall,Combo Life,b6c51cd687dd4d01b30b6830dc7cfb9f,fuzzy,0.6952215121620587
202412207456219,Citroen,Grand C4 Picasso,ea70e46651d2437e859a978f9b5924ad,fuzzy,0.6997468757904945
202412097129289,Land Rover,Discovery Sport,5f08f1eb93334afe88ec77d9a590ae5d,fuzzy,0.6950408523924995
202408162941823,Hyundai,Santa Fe,9f44a7c18b5e4bcf867fb1a7e0840d15,fuzzy,0.695000009453016
202410155235103,Kia,Sorento,366c0d27fbb64e7b86eb10cf92bf2879,fuzzy,0.699822573701145
202411055969240,Mercedes-Benz,GLE,5ff5a75c77a540c7be03634979762fcd,fuzzy,0.699804982289614
202412097121227,Mercedes-Benz,GLB,824477bff1f246e3812a1e899857b7c1,fuzzy,0.6996913267321843
202411066005731,Volkswagen,Touran,fa53ce1127774684a8162ae21dd52986,fuzzy,0.695055921229901
202410014712937,Peugeot,5008,ebb249aa62ad4578aa99b469dd81b799,fuzzy,0.6950000340095097
202412187395063,Volkswagen,Touran,175dcdab43a44c49ba737a1aa66ebaec,fuzzy,0.6994603814343034
202405280143959,Hyundai,Santa Fe,5814c8943baf457c96e1a313efcc528c,fuzzy,0.6997024399406784
202412057042920,BMW,X7,85908e7c335a4a728f9644e239cdbcab,fuzzy,0.6972391648793929
202412046986199,Volkswagen,Touran,f5eca9a4c8f5460b87ab9edfc1c2b806,fuzzy,0.6998003036923308
202411126204414,Mercedes-Benz,GLE,a80efce5c3fc4641adda3c2dafc12282,fuzzy,0.699804982289614
202410074913213,Peugeot,5008,0b40ac5e555d4fd890887c3e4194b1f7,fuzzy,0.6950000340095097
202404178770207,Kia,Sorento,5e961460b7184cd0a697826875bf2c33,fuzzy,0.699822573701145
202411025871484,Citroen,Grand C4 Picasso,5b7c274eb35a4b5ba4cf16ac6afe868a,fuzzy,0.6997468757904945
202412077087223,Hyundai,Santa Fe,def883736f264947b31975e6361059d7,fuzzy,0.695000009453016
202410024740136,Peugeot,5008,b57d5189298d4918a74ee0c3d1a6724f,fuzzy,0.6950000340095097
202411276787327,Audi,Q7,1ae42a7a593b4886aac8158216b14a60,fuzzy,0.6950102734534298
202412167332153,Hyundai,Santa Fe,d935362ab03344c4bf8b3ad0670ee62d,fuzzy,0.6950000026966174
202410215446854,Nissan,Qashqai+2,84a75c397b16413e904786da78cbe08d,fuzzy,0.5504258706525094
202412187384410,Audi,SQ7,596bd9c9e5d94eb98431aa581c2813de,fuzzy,0.6993085458341207
202409053691696,Audi,Q7,ac5ec3fe4ff54553961dcd85d16dec08,fuzzy,0.6962765588645331
202412107163471,BMW,2 Series Gran Tourer,37c2150a7a044c739c58b939118fff10,fuzzy,0.6995208509099587
202410105050645,Kia,Sedona,b348865b3311489aabd4fdad0455bca0,fuzzy,0.6950000145483543
202412197424909,Chevrolet,Captiva,5cdd59e910f54e3ab875d9a8c996b1be,fuzzy,0.6136994951340425
202412197417540,Nissan,Qashqai+2,4076c4729d28413c85a97d12fd317700,fuzzy,0.5504258706525094
202412197414449,Peugeot,5008,b9c3130f621c4c199c8b3ade413e6fa5,fuzzy,0.6950000340095097
202412287575495,Kia,Carens,6462a4bcd09d4c09bc8ed052bf88d10d,fuzzy,0.6759570009142246
202412067077229,Volkswagen,Touran,5b54bf19b79a49abb2db9ade1b3c3dee,fuzzy,0.6994603814343034
202410215438431,Hyundai,Santa Fe,94287d1d74d84734a2f99ffc34125494,fuzzy,0.6950000026966174
202410215417822,Peugeot,5008,45730c9ee0e84fbbb59d7ad47a56a3fa,fuzzy,0.6950000340095097
202408032500030,Audi,SQ7,ec96822a8e6842549676d6f66b2ebb34,fuzzy,0.695399361474824
202410105047273,Mercedes-Benz,EQB,64ad53259e8543a196be3d909bb9b1b1,fuzzy,0.679469762236475
202412057041745,Kia,Carens,53d50cc6b82f4ed49c27ad378ef63fd0,fuzzy,0.6759570009142246
202411136248779,BMW,2 Series Gran Tourer,9c56e71135884b6d9f613c40d002446c,fuzzy,0.6997753516823334
202410285700494,Chrysler,Grand Voyager,e04b1bdbd85b402b8d6cf00916ad5808,fuzzy,0.6972391648793929
202410034800993,Nissan,Qashqai+2,de02f466e0b54e14b53e5dd3bc319d77,fuzzy,0.6991758610077506
202412047008301,Nissan,Qashqai+2,d921838747f74213a7b827054437b971,fuzzy,0.5504258706525094
202411055989830,Vauxhall,Combo Life,87c22b6f2bd0494e89c6a1b4226fa280,fuzzy,0.6997024399406784
202410295713941,Mitsubishi,Outlander,193037e86d01440788fbea8af7d42f23,fuzzy,0.6064074592609838
202411055987133,Volkswagen,Touran,9b0b68b9be334b73b9eb98f409c587ad,fuzzy,0.6994603814343034
202412137261087,Land Rover,Defender 130,f6b15d96b8d44d9995286541b043f94c,fuzzy,0.6950000002778095
202411226614747,Citroen,Grand C4 Picasso,f681cec9c41f484e8e82cd04e7d7df7d,fuzzy,0.6997468757904945
202412127213187,Audi,SQ7,5fa0090f4dd748f3b5ec00fdea25f7cc,fuzzy,0.6993085458341207
202401195706556,Genesis,GV80,76cc45d97b434e5ea0a103d19df61c8a,fuzzy,0.6987068153377745
202410285677401,BMW,X7,0a8b1cfeb24d4ea89d705968f78362d2,fuzzy,0.6972391648793929
202412187396049,Ford,Grand C-Max,87685f31d45c44d69abc4e229ef4093b,fuzzy,0.6442587715379883
202410044851941,Mercedes-Benz,R Class,42291776158940f9af3d66a0523da0b5,fuzzy,0.6995778006845927
202412057025960,Mercedes-Benz,GL Class,75fd44d920054204873ce1c65eb4466d,fuzzy,0.6996110394746315
202410014689575,Mercedes-Benz,GLE,524ae77dafa34e47b9f49a4da5106837,fuzzy,0.699804982289614
202408243240435,Kia,Sorento,1dfda9e9c9c14b4daced8e68bd64aedc,fuzzy,0.6998196480259519
202412117191483,BMW,2 Series Gran Tourer,a56d66b0fbe543029ebe1bc9dd0db41f,fuzzy,0.6997753516823334
202412046981848,Mercedes-Benz,R Class,e91c850de6ce48358ce73a980cebc599,fuzzy,0.6991758610077506
202403087351580,BMW,2 Series Gran Tourer,d457591839224515994302d9e490a90f,fuzzy,0.6995208509099587
202401275957360,BMW,2 Series Gran Tourer,1c81a839bfcf40818e2e2ad7cac55d89,fuzzy,0.6995208509099587
202412107161774,Peugeot,5008,45fd1b4a581246f69b49668460fccdae,fuzzy,0.6950000340095097
202411216579171,Land Rover,Discovery Sport,97d6e89a928e4d29b753abb6e5044fa9,fuzzy,0.695000003706256
202412137244626,Peugeot,5008,06f5c18aca144e9f901abc93dff88ce4,fuzzy,0.6950000340095097
202409093825329,Citroen,SpaceTourer,caca31fb462e49cab48d7779b311c2b7,fuzzy,0.6953195500974798
202412257536650,Nissan,Qashqai+2,43e6c668acf34be1af6b0fe8889bbd52,fuzzy,0.5504258706525094
202412077092818,Audi,SQ7,b66ec1f05ad44f9f9ec5e0ddc0582575,fuzzy,0.695399361474824
202311274336475,Hyundai,i800,ca634a73f0eb4b72b5c515ec35c0e853,fuzzy,0.6950367381542084
202410145167749,Peugeot,5008,aac9ada55e514ed4ae23118f16c00ef5,fuzzy,0.6950000340095097
202411276774891,BMW,2 Series Gran Tourer,72b613f5adc346b4ab34c2b31aca39a6,fuzzy,0.6995208509099587
202409204249063,Toyota,Land Cruiser,fefeee5bc5184d238e3871865d54223e,fuzzy,0.6997870482478431
202411146301541,Mercedes-Benz,V Class,8c2b973c35274e3d8cf4bfb5623b5e65,fuzzy,0.6950000002886577
202411296841036,Mercedes-Benz,R Class,c46130bd07074f06a0706db33df5330e,fuzzy,0.6995778006845927
202408273334414,Volkswagen,Touran,904c7fab90bc45c890aabb98bf1c3de4,fuzzy,0.6994603814343034
202411076033382,Peugeot,5008,38a3c6fc18cb4f42ad21a81921390bae,fuzzy,0.6950000340095097
202410225461804,BMW,X7,9950526d8ca24b2bbb6b74f7d1e5d73e,fuzzy,0.6972391648793929
202411025885605,Toyota,Verso,fe6990bc505347679cd062c18d247386,fuzzy,0.6997379876069553
202412137262338,Ford,S-Max,2aba9bb3bcac4bcda2ac23f0742bdafb,fuzzy,0.6949999999999998
202412167329174,Audi,Q7,831eb42edb0c427a98f3a74ac02c63dc,fuzzy,0.6956976133425303
202403237898061,Citroen,Grand C4 Picasso,1a5f3383c46549c1813b357a38f9fa6b,fuzzy,0.6997468757904945
202412197400967,Audi,Q7,48e15ac63fa143c08a8ff79ec98e75da,fuzzy,0.6956976133425303
202412237504365,Peugeot,Rifter,29267d9cf9ee4b01980003de8be9045d,fuzzy,0.6950000008475926
202412107167188,Peugeot,5008,e107580f7ac04a90a9d212c619c427f8,fuzzy,0.6996186998726359
202412137252760,Citroen,C8,23944bfab25441f89522120ab94a2e28,fuzzy,0.655971939062028
202409244383724,Hyundai,Santa Fe,5d2ced2e6ce542d38275924b5f721dbf,fuzzy,0.69365331069874
202404138604530,Cadillac,Escalade,89438e688b4745739310b3859ce6fd31,fuzzy,0.6538172832658671
202412157297234,Vauxhall,Zafira,1a1dd545ffaf4231af39d5b8d19f26aa,fuzzy,0.6997753516823334
202406180860004,Volkswagen,Touran,e618f80fe2f14ab7a73a540975790904,fuzzy,0.695055921229901
202411286818601,Peugeot,5008,e6a70f6940e84068ab52e25092cd7509,fuzzy,0.6950000340095097
202408283362444,BMW,2 Series Gran Tourer,a78236694e1641c9b3f3ed251e3c2fdc,fuzzy,0.6995208509099587
202407232081015,Peugeot,5008,537d79273b90469f94f42d32a51ec577,fuzzy,0.6996186998726359
202411146296768,Peugeot,5008,2bedb01e8c7d4f1187de1605e32124cf,fuzzy,0.6950000340095097
202412277554042,Mercedes-Benz,V Class,8e32cca6ca1149abbbb8a955d090bbba,fuzzy,0.6950000002886577
202408062592236,Volkswagen,Tiguan Allspace,fb30b06447e141f3a052a1e00c4814fa,fuzzy,0.69939094617261
202410245558236,Mercedes-Benz,R Class,32ba43d2ace248459c9d07dde3a16bc8,fuzzy,0.6998212517413152
202411216575571,Nissan,Qashqai+2,4e9f98fd2d4b4cd19708a5b4e323abf1,fuzzy,0.5504258706525094
202412107150476,BMW,2 Series Gran Tourer,5ae93876d3ab4ac9b9543267e3850a6b,fuzzy,0.6997753516823334
202412107171490,Land Rover,Discovery Sport,648ab486222847849bf7d5139d7b9ecc,fuzzy,0.695000003706256
202411266738753,Mercedes-Benz,GLB,bb8d6d2bed374038801573a35aa9cedf,fuzzy,0.6996913267321843
202411306884084,Audi,Q7,5d9ff42d8e904f6ba43d24affc78127f,fuzzy,0.6956976133425303
202411035900757,BMW,2 Series Gran Tourer,8aa3bddffcad435ebca78de5324c0726,fuzzy,0.6995208509099587
202412127211289,Ford,Grand C-Max,067e44eac4cf4becb58c5ccb346b2537,fuzzy,0.6442587715379883
202406281221946,Kia,Carens,46869f18ffff47d484acfab54f989532,fuzzy,0.6759570009142246
202412177346514,BMW,2 Series Gran Tourer,f90398b36916408aa130de2517a0c047,fuzzy,0.6995208509099587
202408283386574,Peugeot,5008,d74852a012484d759d7a15e318d3fb7e,fuzzy,0.6996186998726359
202310132951557,BMW,2 Series Gran Tourer,9f20202507b34e8eb1f324f05ff6d8c7,fuzzy,0.6995208509099587
202412036955172,Nissan,Qashqai+2,272d3a63781a43eda2364d261680e57b,fuzzy,0.5504258706525094
202306108379976,Mercedes-Benz,GLE,07634432002745448cf6fcc6554f0474,fuzzy,0.699804982289614
202412046999598,Mercedes-Benz,GLE,fcbe2b55bb9b4ffe9dd58227bc35a7b7,fuzzy,0.699804982289614
202412237490098,Land Rover,Discovery Sport,c17393408e07474c9aed0512c590e809,fuzzy,0.695000003706256
202411186408384,Mercedes-Benz,GL Class,778917a24aa54c6a812e9f89ff674db0,fuzzy,0.6998166362419247
202412237501926,Peugeot,5008,330a3db075bb44f88daf7b5f37825762,fuzzy,0.6996186998726359
202411146287205,Land Rover,Discovery Sport,27ba067dd1964538a4e67a3257f55e7a,fuzzy,0.6950408523924995
202409264462093,Kia,Carens,51099174ecaa49a2979ba0dd25cfd5d3,fuzzy,0.6759570009142246
202412127235223,Hyundai,i800,166e727e24e24096888d7c823c2101ac,fuzzy,0.6950225768502594
202409043637838,BMW,2 Series Gran Tourer,b776523094b7403398c8a3e1ed46c861,fuzzy,0.6995208509099587
202408072627564,Hyundai,Santa Fe,60ef85dd30ec423387e13dca09bf5fcc,fuzzy,0.6950000026966174
202410115087986,Audi,Q7,16f7bfecde584d848524daaaaa1ef774,fuzzy,0.6950102734534298
202407101654417,Chrysler,Grand Voyager,ad6efeac19bb4cefb03e9decc0b911e7,fuzzy,0.6967975429193466
202409134018546,Mercedes-Benz,R Class,20dffc00c22a4eafafa37d57b0ec4ebc,fuzzy,0.6998212517413152
202412127214938,Peugeot,5008,6d2bc496b4ea43759fda52790b907bd5,fuzzy,0.6950000340095097
202410095015558,Hyundai,Santa Fe,5e359c44cfcd45cfaf023b649248abeb,fuzzy,0.695000009453016
202411035904640,Hyundai,Santa Fe,2a2c2f6d5a0a41b7ae6c8f1c7c2a1d59,fuzzy,0.6990181567559061
202411276792501,Peugeot,5008,16f449f6772e49c8beffdcfc7820b6fe,fuzzy,0.6950977246218828
202410265627127,BMW,2 Series Gran Tourer,9628e8f0c81f423fa4b8a0e34fb36fc8,fuzzy,0.6995208509099587
202410095022786,Mercedes-Benz,GL Class,30d7feef97114262a2cd9ffc82d3c123,fuzzy,0.6996110394746315
202412036946772,Kia,Carens,6d58a876827f481aa005fb029214a827,fuzzy,0.6759570009142246
202411086098422,Volkswagen,Touran,f324a8197c5e4bc9a048014701b06987,fuzzy,0.6998003036923308
202412117203985,Peugeot,5008,ac9ca754bad747cda28caf7a19048701,fuzzy,0.6996186998726359
202412257533230,Audi,Q7,01bdf6e859d240058a6177224f462182,fuzzy,0.6958572896404921
202412117200303,Nissan,Qashqai+2,7dbf637d894b426c843b9f1a77c114ee,fuzzy,0.5504258706525094
202411256696911,Peugeot,5008,146cb0bb6b2146a1959e5637898c682d,fuzzy,0.6950000340095097
202308281281836,Peugeot,5008,f45837b524b4467da382d33dc50e3dd8,fuzzy,0.6996186998726359
202412097130389,BMW,2 Series Gran Tourer,7d7ad76b5dc84858bb5b9051e1765de1,fuzzy,0.6995208509099587
202412117180910,Kia,Sorento,703300d90b064993ac09878289260ac0,fuzzy,0.699822573701145
202410165257177,Peugeot,5008,836bc7eceef3464e9bfcdaf50ed2eaef,fuzzy,0.6950000340095097
202412077082301,Hyundai,Santa Fe,dfd1f80ac444421ba30d0dfc02311041,fuzzy,0.6950000026966174
202411025887125,Genesis,GV80,224f1e492be54340bb4b4a5f18f17cd4,fuzzy,0.6987068153377745
202412247523612,Hyundai,Santa Fe,361cba0a8298419989580735403cd964,fuzzy,0.695000009453016
202410315793593,BMW,2 Series Gran Tourer,6276791d49a24f43b2609e61211f66bc,fuzzy,0.6995208509099587
202412107160612,Peugeot,5008,50936cd969874858bcc068380a88fdf1,fuzzy,0.6950000340095097
202412107158181,Hyundai,Santa Fe,45d6ca5df35f449ebb900da81b8ddfda,fuzzy,0.6990181567559061
202412046981460,Mercedes-Benz,EQS,35060c409ec74b3abc81dbf1f52fef78,fuzzy,0.6997753516823334
202412207447633,Hyundai,Santa Fe,928ed10ec21a4decb4a38056312ea76c,fuzzy,0.69365331069874
202412137258980,Toyota,Land Cruiser,c46548edcf694e18b000ef6c682d0530,fuzzy,0.6998157355565536
202411266747511,Vauxhall,Combo Life,e4fd3b641fe946db872db5c99b2189d6,fuzzy,0.6997024399406784
202409013525288,Vauxhall,Zafira,e96dfc08fccf4a1481312d988b29dd93,fuzzy,0.6997753516823334
202412087103002,Volkswagen,Tiguan Allspace,f37135f068b54addb3163fcf669f3887,fuzzy,0.69939094617261
202411136255782,Hyundai,Santa Fe,0413fc01412d4177845cf1c23b3a259b,fuzzy,0.6950000026966174
202409174129116,Mercedes-Benz,R Class,eebb0960fabf42ce94d8e3b09b7305d2,fuzzy,0.6995778006845927
202411126225255,Peugeot,5008,f795b80f12f74ab087013d141bfc352b,fuzzy,0.6950000340095097
202410295735432,Peugeot,5008,46d6e11ccda74b81accd6d2a169c7c19,fuzzy,0.6996186998726359
202412157296200,Peugeot,5008,f8f3861ff8fd48f6aab8b26098f03c35,fuzzy,0.6919944662501842
202412057015404,Mercedes-Benz,GLE,65314490007747c08b865f136bff96e1,fuzzy,0.699804982289614
202411196431704,Audi,Q7,9add893e66a942eda9f65ae1a1ea3e51,fuzzy,0.6956976133425303
202412177344454,Peugeot,5008,2f48fe0fbd01455bacc99f499eaae6c3,fuzzy,0.6950000340095097
202405089482801,Chrysler,Grand Voyager,d95b2ddb0c8e4be98a84c978085cef05,fuzzy,0.6972391648793929
202412187371929,Volkswagen,Multivan,e1b00ff6ea2c4fb08af82f75bc4ec8b7,fuzzy,0.6963792533590467
202410215421180,Nissan,Qashqai+2,0d014c9fa1434e5fb6c13b99f8505d75,fuzzy,0.5504258706525094
202412177364511,Mercedes-Benz,GLE,36124835cd4c43c4b800e65788be03ef,fuzzy,0.699804982289614
202412057033035,Nissan,Qashqai+2,31e0b3742f9641318dbbc81f615b646e,fuzzy,0.5504258706525094
202412247526514,Hyundai,Santa Fe,c71ac263ba974144b61804b106952c52,fuzzy,0.6990181567559061
202411045938387,Lexus,RX L,e93daf999d2f4b1ca60a7257704152d8,fuzzy,0.679469762236475
202408293406020,BMW,2 Series Gran Tourer,1e19a7e515cf442e879541f8585e3fa5,fuzzy,0.6997753516823334
202410095012027,Peugeot,5008,457833c93a964c3293c9e3f64044b818,fuzzy,0.6950000340095097
202412197420123,Vauxhall,Combo Life,d8c2a19b36464a4290c8dd576b0aa48e,fuzzy,0.6997024399406784
202411196483372,Audi,Q7,8196fa2d7b794ca79256936e3367b2ab,fuzzy,0.6958572896404921
202409123956877,Mercedes-Benz,GLB,1fb5996be9c748e5bb8a38b081372fbf,fuzzy,0.6996913267321843
202410305772715,Mercedes-Benz,V Class,1980818216ad461baef375050a2714d1,fuzzy,0.6998223015782498
202409063750213,Mercedes-Benz,R Class,4385466b91ba455296a709c3cdf3469e,fuzzy,0.6998212517413152
202411015833396,Vauxhall,Zafira,864290c6ac544669a34dfe44dea8f3e3,fuzzy,0.6997753516823334
202403177678457,Peugeot,5008,3b90642ec3ae4ee4a8fcb48bf33c7942,fuzzy,0.6919944662501842
202412207454363,Land Rover,Discovery Sport,66f38d7062214f738ac037d3ecff0d06,fuzzy,0.695000003706256
202412107149323,Peugeot,5008,98eb5a411bac4755860f985a6d55548d,fuzzy,0.6950000340095097
202412067062531,Hyundai,Santa Fe,9b3e9b971f434f0987f7bd34c034de9b,fuzzy,0.6950000026966174
202410255607661,BMW,2 Series Gran Tourer,4d0487fe30ec4c7296fd2e11298c3ecd,fuzzy,0.6997753516823334
202408273338075,Nissan,Qashqai+2,4820d530714a4addb5dd6023435caab5,fuzzy,0.5504258706525094
202412026930059,Mercedes-Benz,EQB,a0cabc3e614e46b8ad345d9eeded5732,fuzzy,0.679469762236475
202409013531853,Chevrolet,Captiva,0df798397ee34df4aaefad19b4495752,fuzzy,0.6136994951340425
202411296855632,BMW,2 Series Gran Tourer,74c63d7885784e6d83a8d1627835296f,fuzzy,0.6995208509099587
202401155575967,Nissan,Qashqai+2,c0b78886d47641e4863dc2268703e52a,fuzzy,0.6991758610077506
202411146294648,Audi,Q7,b0db3b13e3674dfba02b2421b1aeac45,fuzzy,0.6950102734534298
202411196437139,Renault,Grand Espace,bbd37d76ad5d47bda0afe2e25997293e,fuzzy,0.577920684962144
202409053684828,Peugeot,5008,e4c29fe2fea443c4bb9adc25d6beb8b4,fuzzy,0.6996186998726359
202411206514131,Peugeot,5008,80f70241af4948699f2b16c79b54fc4f,fuzzy,0.6919944662501842
202411266747796,Audi,Q7,52e69983a8c44cdca819bfdd7e95b701,fuzzy,0.6958572896404921
202405039346690,Mercedes-Benz,V Class,25e0e09cb5674ec09ed8982ec10407c8,fuzzy,0.6950000002886577
202411216582785,Audi,Q7,8856dbb894254e87a512849e90d0bc7f,fuzzy,0.6956976133425303
202408313508422,Vauxhall,Zafira Tourer,55d059af08944bd1a1142482fff0fdf1,fuzzy,0.699210449152969
202411126221957,Hyundai,Santa Fe,3333d4e452fb47e685646bbf8b68f6ed,fuzzy,0.6997024399406784
202409294631441,Audi,Q7,263ce5c14e3a4904a82cab8ec17db9af,fuzzy,0.6958572896404921
202410215447996,Volkswagen,Touran,a6f96e5a40544a319c923cc9020e9296,fuzzy,0.6994603814343034
202408313492172,Peugeot,5008,4e8027f8b932436f9977af3e9c3c9d63,fuzzy,0.6996186998726359
202409023571152,Mercedes-Benz,V Class,770c3d711dc3461e8fd8de779a944af1,fuzzy,0.6998223015782498
202409164077582,Nissan,Qashqai+2,a31c653d419b48468c6365e580cdb90a,fuzzy,0.5504258706525094
202411196447398,SsangYong,Turismo,46760f75f8ca495f82249147e0a60b89,fuzzy,0.695005724887212
202409093841656,SEAT,Tarraco,f9d337b0f1ce472da3a25b547ddc7279,fuzzy,0.69939094617261
202410175305326,Volkswagen,Touran,cd6fd01facc74bc597433b27ad9a83b3,fuzzy,0.6994603814343034
202309212239499,Mercedes-Benz,GLE,3a204b50a02a4d2d9bc333a069605e06,fuzzy,0.699804982289614
202412077087189,BMW,2 Series Gran Tourer,98e34c1685dd47ce8c44aa9a317e145c,fuzzy,0.6997753516823334
202409164091792,Genesis,GV80,f241db594c1343dc8b428c8efdc44450,fuzzy,0.6983322493821712
202408012400430,BMW,X7,5e5c5bd9306d41d7998ed2ad0e3cc68c,fuzzy,0.6972391648793929
202411186405569,Vauxhall,Combo Life,41b6572eeaba47a58ec28c19033c7778,fuzzy,0.6997024399406784
202411286828427,Nissan,Qashqai+2,472475a7b89342d7970318a53e09ff6d,fuzzy,0.5504258706525094
202410145164807,Hyundai,Santa Fe,bb1ef00ca8a64c4ba83e86b660a0cf31,fuzzy,0.6990181567559061
202411256706330,Mercedes-Benz,V Class,d3120b6bc31e486b9b4e7c657a75ea77,fuzzy,0.6998223015782498
202410305744097,SEAT,Tarraco,5622d651c74b440c808d00aeabc3b566,fuzzy,0.69939094617261
202410185334302,Chevrolet,Captiva,7eb45dc8fc9a47e398d51a185a4aad8c,fuzzy,0.6136994951340425
202409123948870,Peugeot,5008,f6be9acdf1234e94b0f1478c2a09c9e1,fuzzy,0.6950000340095097
202411066005602,Mercedes-Benz,GLB,466bd8109caf4b87b1d289d4a048ff6b,fuzzy,0.6996913267321843
202412127232307,Audi,Q7,afe107fef54f4ff08926a25d59d234af,fuzzy,0.6958572896404921
202411066022373,BMW,2 Series Gran Tourer,84e43177f42444019f1f68164a304395,fuzzy,0.6995208509099587
202410024744686,Land Rover,Discovery Sport,c53d1209941e4c47bdfbe5403945ce9f,fuzzy,0.6950408523924995
202411045923809,Hyundai,Santa Fe,18321043dd8c45a1b1861ab367ab2a0e,fuzzy,0.6997024399406784
202412297588307,Volkswagen,Tiguan Allspace,dc36708aca4b4cb7ae4bd597346cd372,fuzzy,0.69939094617261
202410155231032,Nissan,Qashqai+2,b93b5c2df8c64c729428d3a103373eea,fuzzy,0.6991758610077506
202409053699430,Peugeot,5008,1e25210856b04b1a903572d2fd7964de,fuzzy,0.6950977246218828
202408172993236,Peugeot,5008,a006ff03b50940f39f010bc71632e073,fuzzy,0.6950000340095097
202407312373914,BMW,2 Series Gran Tourer,15d1726076614166a21f74a2e9db284f,fuzzy,0.6997753516823334
202410275647677,Vauxhall,Zafira Tourer,790c3b29338847c2a1b5c05c15425682,fuzzy,0.699210449152969
202408142873823,Mercedes-Benz,GL Class,3527091239924294a5e085bfb87ef124,fuzzy,0.6996110394746315
202408243230116,Citroen,Grand C4 Picasso,4550bce0543e4896b92d062121e306af,fuzzy,0.6997468757904945
202410084967038,Hyundai,Santa Fe,59899d29322b47fe88857cd926c4f106,fuzzy,0.69365331069874
202409244388800,Kia,Sorento,b946e699cc474073be5ea040449609d0,fuzzy,0.6998223836559095
202412237497454,Mercedes-Benz,GLE,e888b8ef18e84f35a6f527652738c719,fuzzy,0.699804982289614
202409184195863,Citroen,Grand C4 Picasso,12df97ec8f51417587819761356bc686,fuzzy,0.6997468757904945
202411116169610,Mercedes-Benz,V Class,7b11446c8f1d4defab3c2899b15a42fc,fuzzy,0.6998223015782498
202409144025939,Peugeot,5008,4ccbbf9f55574d45b0a036ef1c3908dc,fuzzy,0.6950000340095097
202410165259573,Toyota,Land Cruiser,24547f9c69ef4cd0b4d5380d86754f22,fuzzy,0.6998157355565536
202411196445162,Volkswagen,Touran,a2781100bad646cd8117ea072d746066,fuzzy,0.695055921229901
202407051486738,BMW,2 Series Gran Tourer,eb41a9f6374149c9bed5edb01ce20823,fuzzy,0.6995208509099587
202412046981630,Mercedes-Benz,GLB,0ef596b8a64e458c9506db4e11b12724,fuzzy,0.6996913267321843
202412187377429,Mercedes-Benz,GLE,b903f04143e84b9abff8a24b5f78970c,fuzzy,0.699804982289614
202411126216301,Citroen,Berlingo,57311b386f4e4ba293ad816024da8390,fuzzy,0.6950000008475926
202409013522586,Toyota,Land Cruiser,3f66b30e8fa746688071dc634fe92c8e,fuzzy,0.6998157355565536
202412107163413,Peugeot,5008,50452f469e5d4d8cb3b9def45c8a38ba,fuzzy,0.6919944662501842
202412097117578,Chrysler,Grand Voyager,6b9185f6ed834a9fb33b52bcc55775f0,fuzzy,0.6972391648793929
202409063747808,Peugeot,5008,baaafedad1d44f7eb3e66227ea07e0de,fuzzy,0.6950000340095097
202412147286692,Vauxhall,Zafira,ec90ddc5cfb64a9ba8a5a6f585e29e03,fuzzy,0.6997753516823334
202408152938748,Peugeot,5008,a3f7554e129342428f0d8770d7c36bb5,fuzzy,0.6996186998726359
202409194201267,Hyundai,Santa Fe,9bb4f7b3a5934b0b83ba8e985fe27e51,fuzzy,0.6950000026966174
202411055974508,Lexus,RX L,35532751c602441794137dffa0e9d8f0,fuzzy,0.679469762236475
202412107166248,Mercedes-Benz,EQB,d5e4e61ab41743dfbfd4e2cfab7ad913,fuzzy,0.679469762236475
202412057030263,Renault,Grand Espace,5a9ee5227b454a52a1ab5a34564f4705,fuzzy,0.577920684962144
202409113931934,BMW,2 Series Gran Tourer,9a3cc588c7414b4da6287df8bb0dab86,fuzzy,0.6995208509099587
202203043209642,Mercedes-Benz,R Class,4bf983df547041d294f62191eafc94a5,fuzzy,0.6995778006845927
202411086098343,Peugeot,5008,009a8a6e29334f6b84895dcadae3dd6d,fuzzy,0.6950000340095097
202411146295609,Peugeot,5008,ca86d009150349ed86e48dd8fca35039,fuzzy,0.6996186998726359
202410175283174,Land Rover,Discovery Sport,91979793ff3347de830e8ad60dc4001b,fuzzy,0.695000003706256
202412167328796,Hyundai,Santa Fe,2f955b02a19149ebbd20c3a6547a8e10,fuzzy,0.6997024399406784
202412127216743,Hyundai,i800,0e625b1724214d04a80e4eb79d881aab,fuzzy,0.6950367381542084
202412177345143,Peugeot,5008,bd18a02439014b89a896df7339116b2a,fuzzy,0.6950000340095097
202411126199230,Peugeot,5008,101452d1866844319a5363bfb920f879,fuzzy,0.6950000340095097
202409264464128,Toyota,Land Cruiser,8ac36540386b4d38890fc8f738142880,fuzzy,0.6998157355565536
202410315809046,BMW,X7,409c8cb330c041b5b22323416551d4c0,fuzzy,0.6972391648793929
202410255579675,BMW,Alpina XB7,18c40021d33742d3be1412c411b0c068,fuzzy,0.6972391648793929
202411176375033,Peugeot,5008,a099272f8f864d0cbddc931373c1bc86,fuzzy,0.6919944662501842
202410165262166,Volkswagen,Tiguan Allspace,0d739e8b9ba64e74b9685460d41bc996,fuzzy,0.69939094617261
202411045934898,Peugeot,5008,91f763db2e4f46639fc8c1078d21a894,fuzzy,0.6950000340095097
202409274566148,Nissan,Qashqai+2,2c4ce4b538104b428d4241c4ed9bb908,fuzzy,0.5504258706525094
202409134003268,BMW,2 Series Gran Tourer,3d4dec0a47044f1c959a287dc2d2cf72,fuzzy,0.6995208509099587
202412187384286,Mercedes-Benz,GLE,416548c671874ed5ba498881e40c5560,fuzzy,0.699804982289614
202412046990196,Nissan,Qashqai+2,a37186eae895494a9b7e344d46f154da,fuzzy,0.5504258706525094
202412057035494,BMW,X7,29f674105f014a46a3f5322cea046dc4,fuzzy,0.6972391648793929
202412207446926,Citroen,Grand C4 Picasso,5e4d6d78b8c8412ab5ffb23a2ce45b3b,fuzzy,0.6997468757904945
202409204263699,BMW,2 Series Gran Tourer,a22a744c80844f02a9e91e8cc7037eb2,fuzzy,0.6997753516823334
202412046984354,Mercedes-Benz,GL Class,5053ee0a6be9439f8c55e730027717f2,fuzzy,0.6998166362419247
202409164100498,Peugeot,5008,ad16b8294a364ed6b8ab78b77a2ee723,fuzzy,0.6950000340095097
202412137249815,SsangYong,Turismo,9d287057897e43eda259b831cbd2ab45,fuzzy,0.695005724887212
202409184174437,Volkswagen,Tiguan Allspace,f76dd9debb0c4eb7bc29944581525027,fuzzy,0.69939094617261
202412287574679,Kia,Sorento,56a3d20b689246d98ef064b379a97009,fuzzy,0.6998223836559095
202411306870747,BMW,2 Series Gran Tourer,fed2fc84fe574a54bfe99f0fa6007a6d,fuzzy,0.6995208509099587
202411146303533,BMW,2 Series Gran Tourer,e1b5d0b4baf2473d8642c87a5a1afaee,fuzzy,0.6995208509099587
202410095012454,Peugeot,Rifter,b6a529a36e134965bed0b370d8c1ea48,fuzzy,0.6950000008475926
202409133997210,Audi,Q7,e477272495f2428591762d489f95d694,fuzzy,0.6950102734534298
202411296864954,Chevrolet,Captiva,4af44d0bc1dc44db9f056bdb8c4fa131,fuzzy,0.6136994951340425
202411136261605,Hyundai,Santa Fe,6408aadaf23348558f404ba4b46dac7e,fuzzy,0.69365331069874
202412036964563,Hyundai,Santa Fe,bc90e95489bb43248548d4e9aec2e3bd,fuzzy,0.69365331069874
202411186415227,Nissan,Qashqai+2,505a623a3787410d8bd8d8031744b522,fuzzy,0.5504258706525094
202411266734205,Mercedes-Benz,GLB,bbd940e95a2f4221a851ff946d896bc3,fuzzy,0.6996913267321843
202411015835023,Vauxhall,Zafira,ad1bf99d604d47c99099ec2383fc6f5c,fuzzy,0.6997753516823334
202409063718258,BMW,2 Series Gran Tourer,e6f111469eb645e38b45a2781dad6085,fuzzy,0.6995208509099587
202409214300672,Peugeot,5008,68423f67966a432fa0a83aee5e416889,fuzzy,0.6996186998726359
202412127229089,Peugeot,5008,0b757e6474e844c68ee09de3285fb2e5,fuzzy,0.6950000340095097
202409013526057,Vauxhall,Zafira,5301084c5d0f4dd78e282cffa7a7b2d7,fuzzy,0.6997753516823334
202411126205746,Peugeot,5008,817feb437fa84b739de49dfafce536ad,fuzzy,0.6950000340095097
202409254431959,Nissan,Qashqai+2,e0a77a0531774c309c4377bd71978145,fuzzy,0.5504258706525094
202412197416619,Peugeot,5008,a80da3f9ead84d2d9689e33d13f8bbf7,fuzzy,0.6950000340095097
202412187377344,Mercedes-Benz,GLE,0d2893f57b5444e5b91fe5faa4df439a,fuzzy,0.699804982289614
202412107154827,Nissan,Qashqai+2,4f96b333dd3f4db3bb380221165b1733,fuzzy,0.5504258706525094
202412107165193,Volkswagen,Touran,7ee567d149004c99a6a05ddb931f8e11,fuzzy,0.695055921229901
202409194202148,Peugeot,e-Traveller,7c74f25d5a654e9bb86f5f020185d286,fuzzy,0.6953195500974798
202407121714868,Kia,Carens,93792edd0e30416bbe99f10e96aa9bc1,fuzzy,0.6759570009142246
202406100618135,Audi,Q7,c164192b128649ee8be74ba82f66f50a,fuzzy,0.6950102734534298
202412207450040,Volkswagen,Multivan,1c5f72c423ac40f2adccffdb0c92c10d,fuzzy,0.6963792533590467
202411166346072,Mercedes-Benz,R Class,841ce557c491457fbfc37407a4f2ad92,fuzzy,0.6995778006845927
202411116169846,Mercedes-Benz,GLB,9a9d4060936748618f1670ff6bf05d90,fuzzy,0.6996913267321843
202409194228134,Citroen,Grand C4 Picasso,663df0172f6e4fff8782d4c093e855b0,fuzzy,0.6997468757904945
202412127231215,Toyota,Land Cruiser,aac7c414ce9b4912bb9b2c74936b688e,fuzzy,0.6997870482478431
202412127222952,Peugeot,5008,f67fe6ef5bd14b99a0784b5ff299b087,fuzzy,0.6950000340095097
202412247529797,Chrysler,Grand Voyager,b6cc944783d44406b33e889ead1b45ed,fuzzy,0.6967975429193466
202411126205310,Mercedes-Benz,EQB,0836567fc91746eb972a093831d1ffc9,fuzzy,0.679469762236475
202411306879684,BMW,2 Series Gran Tourer,bac3c738593247e897ac334ea3e404fb,fuzzy,0.6995208509099587
202411276782168,Mercedes-Benz,GL Class,2d054d992e3f4c5b826143c3500500d9,fuzzy,0.6998166362419247
202412057017336,SEAT,Tarraco,d34f61da984b416486e5ea037f2b5003,fuzzy,0.69939094617261
202409113919069,Audi,Q7,fc9091863a1547f7a0f46ea2981833f4,fuzzy,0.6950102734534298
202410044828196,Peugeot,Traveller,64017aeac194470a8297dc0b3596093c,fuzzy,0.6953195500974798
202412127212218,Mercedes-Benz,EQB,59787a4bd38e48bfb67a1863ecde164f,fuzzy,0.679469762236475
202412097136251,Hyundai,Santa Fe,74f1efaf291f4bbab7eca97c4002cbed,fuzzy,0.695000009453016
202412177361812,Vauxhall,Combo Life,d3a165c9edf24c12afed18cb23aadefa,fuzzy,0.6997024399406784
202412097132206,Land Rover,Discovery Sport,ca77fcf1c9704dc78b27c373bd629e2d,fuzzy,0.6950408523924995
202411126215388,Citroen,C8,871d2bbfe5174b4298057bf613612b1e,fuzzy,0.655971939062028
202411196472714,Peugeot,5008,1140623b2d0a4ffd9c9d863fc28d96f1,fuzzy,0.6950000340095097
202410054869086,Fiat,Doblo,4318444bf2b444fcb3111e96449b2873,fuzzy,0.6954555000680439
202412177343429,Mercedes-Benz,GLB,35117a306733478a9814a947a6dcf60c,fuzzy,0.6996913267321843
202409254445464,Chrysler,Grand Voyager,ccf48dabeb4444679aa1e9b18b021c13,fuzzy,0.6967975429193466
202412237507469,Mercedes-Benz,GLB,72c2187cdc1e40d1a69e3f6ceef9acf2,fuzzy,0.5735078621679288
202412026926309,Fiat,Doblo,09df8c1734dc42b582219e8eb741a266,fuzzy,0.6954555000680439
202410115084978,Mercedes-Benz,GLB,3162f17ae68c4c54a93bbb1b8da045c9,fuzzy,0.6996913267321843
202408092725253,Land Rover,Defender 130,eff1f4ac7b6d4077b2573037dca3e391,fuzzy,0.6950000002778095
202410044835761,Peugeot,5008,6398581fe81b4a8ba74e5826d287114a,fuzzy,0.6950000340095097
202411296862626,Peugeot,5008,28bf0372963341078daaf53b0484c4cf,fuzzy,0.6919944662501842
202410255607474,Volkswagen,Touran,e3ab458ad33f4c678b00ad6a0e35f74d,fuzzy,0.6994603814343034
202411206524838,Hyundai,Santa Fe,0f1fd87fcd2046d9ad7880fcace5671f,fuzzy,0.69365331069874
202409234361366,Hyundai,Santa Fe,222698c58a304584b2df0c0dd24f4564,fuzzy,0.695000009453016
202412217460507,Volkswagen,Tiguan Allspace,73bff6b50d8c4a6a90034f47e5bf1def,fuzzy,0.69939094617261
202411065998558,Hyundai,Santa Fe,0ee68373baa74d33ad0f8dac3c9e9aca,fuzzy,0.695000009453016
202410275660926,Nissan,Qashqai+2,9ce9d0b90bcf49308a62533c3b09bac4,fuzzy,0.6991758610077506
202412197426020,Vauxhall,Zafira,d45ea5db5fe44430b2980a3d733af46f,fuzzy,0.6997753516823334
202412107151268,Vauxhall,Zafira,4e1644a90fe24c588ea140cd27ed37e5,fuzzy,0.6997753516823334
202411296855826,Volkswagen,Caddy Maxi,455b0ac4976c420c98ed66c9b267b977,fuzzy,0.5310539953993986
202411276772984,Citroen,Berlingo,8c2ac7eda74f452eb466cf0c39d864eb,fuzzy,0.6950000008475926
202412227481829,BMW,2 Series Gran Tourer,f407421819e54d6d857b4dde3daf715c,fuzzy,0.6995208509099587
202411266748435,BMW,2 Series Gran Tourer,b03962f1be404d5fa2f3e4aa0e1bd6ca,fuzzy,0.6997753516823334
202412167318861,Peugeot,5008,d243862ad3804a2abcf10ce55c9b71a8,fuzzy,0.6919944662501842
202412277563294,Peugeot,5008,20df498f75d94b51b2cab6fc93d2568c,fuzzy,0.6950000340095097
202312074633444,Volkswagen,Caddy Maxi,03b1bfa296f8470a93e87ba75b085ac2,fuzzy,0.5310539953993986
202411186420742,Citroen,Berlingo,6a53d915ecf54d3082fe7976cd326789,fuzzy,0.6950000008475926
202412097142868,Volkswagen,Caddy Maxi Life,37d852bad1244caeb339770d56f2a021,fuzzy,0.6972517123357412
202411086087837,Kia,Carens,dd5ed112434546a18642b5f5f5c0a3b5,fuzzy,0.6759570009142246
202412247526286,Kia,Carens,08828b7b02264089a9eeefc4eca2b211,fuzzy,0.6759570009142246
202411306877540,Peugeot,5008,402cfd4c200c4d2db481e88cddb47d7c,fuzzy,0.6996186998726359
202411055986402,Kia,Carens,b70cadeb671d47aca1551afa3eaa804c,fuzzy,0.6759570009142246
202411216585724,Volkswagen,Caddy Maxi,46065491c3c9453098ef418b36f4d0d0,fuzzy,0.5310539953993986
202412237502454,Citroen,Grand C4 Picasso,37166ebcdefa4fb69077977b4314e0e1,fuzzy,0.6997468757904945
202411116160242,Citroen,Grand C4 Picasso,e6d625d1dc0d4c13ab25963cd9325598,fuzzy,0.6997468757904945
202410135156080,BMW,2 Series Gran Tourer,155f7cc357c4492499eeca306ab07445,fuzzy,0.6997753516823334
202412036973149,BMW,2 Series Gran Tourer,58bd38790c3644c782d4880ea48b2a1e,fuzzy,0.6997753516823334
202412137241763,Peugeot,5008,e8238659fc26499d823efa8c193db5bf,fuzzy,0.6919944662501842
202409184166857,Peugeot,5008,3aa68567201a4071bc0f09d4f7375d05,fuzzy,0.6919944662501842
202412177362969,Citroen,Grand C4 Picasso,7d74d8019de1480c84b6892bb2b7094d,fuzzy,0.6997468757904945
202409023545877,Volkswagen,Caddy Maxi,68ea5fcce77e4d9bae6ec5685d308e20,fuzzy,0.5310539953993986
202411246688489,Peugeot,5008,6039bcad9d514c52aa4a505dd27c693a,fuzzy,0.6996186998726359
202411116186308,Peugeot,5008,646f7b17e8da4ddb85783cc6a187fac7,fuzzy,0.6996186998726359
202411136242962,Volkswagen,Caddy Maxi,bec44a8b537740c4aba296a55c938cf3,fuzzy,0.5310539953993986
202410305750950,Vauxhall,Combo Life,e731dd255f874399833b83f6a76d2559,fuzzy,0.6952215121620587
202412117197998,BMW,2 Series Gran Tourer,87319aa180104b6280d2558ec1a376b2,fuzzy,0.6997753516823334
202412277554896,Vauxhall,Zafira,9c4871c5865b4f9281ec4d924dc4ab9d,fuzzy,0.6997753516823334
202412107157789,Kia,Carens,0ab96dc8fee741f8a2155c71a50c41d8,fuzzy,0.6759570009142246
202405240036509,Peugeot,5008,9ff13634eeb84925ad2454d20b4f175a,fuzzy,0.6919944662501842
202307059307240,Kia,Carens,a3775b7397eb4a0e8ab0b8b609f854fd,fuzzy,0.6759570009142246
202410064892839,Volkswagen,Touran,fef7987a5cc24306ac54e6ca46957d27,fuzzy,0.6994603814343034
202412267540605,Nissan,Qashqai+2,b01e34f51c6041619bd3e150a3b1d697,fuzzy,0.5504258706525094
202412297590207,BMW,2 Series Gran Tourer,07c914630fd241f3bb965c0747e7d75e,fuzzy,0.6997753516823334
202412036943918,Volkswagen,Touran,1cd437bace8c40af9cc9706f769bedf3,fuzzy,0.6994603814343034
202410295715165,Kia,Carens,87a6e45ea4cd432ea067b5e9c40e110c,fuzzy,0.6759570009142246
202412287582071,Peugeot,5008,bf425118d6ca48b3abfa25ab7c27d034,fuzzy,0.6950977246218828
202411166370195,Citroen,SpaceTourer,61f4280f3cf04a0eab5692fc67dc63cf,fuzzy,0.6953195500974798
202411286824251,Volkswagen,Touran,bf5be6d62f39410fb85a403997cab12e,fuzzy,0.6994603814343034
202412247514362,Citroen,Grand C4 Picasso,792dd697a3e04b989aa8765575a5f53a,fuzzy,0.6997468757904945
202411226607714,Nissan,Qashqai+2,7f5d64575a8040b1ae8a9f48a44f73c6,fuzzy,0.5504258706525094
202412097138368,Kia,Carens,4ecaa6a12a174ddeb25f8f66d0f44624,fuzzy,0.6759570009142246
202412177366791,BMW,2 Series Gran Tourer,1032c329c1a5459db1a90168979846d9,fuzzy,0.6995208509099587
202411186415815,BMW,2 Series Gran Tourer,3506dc719a624e6aa52de31958574f9c,fuzzy,0.6995208509099587
202411146291649,BMW,2 Series Gran Tourer,8de1e63cf94f466a811990006cd00148,fuzzy,0.6995208509099587
202411306891034,Vauxhall,Combo-e Life,250a33df10234a1ead625e90c4a3f50d,fuzzy,0.6952215121620587
202412277553549,Volkswagen,Caddy Maxi Life,6ef6a3d907e746fca47af3b211a85f66,fuzzy,0.6972517123357412
202412067052780,BMW,2 Series Gran Tourer,3dca41ece5704e15af4468027ec1c0c6,fuzzy,0.6995208509099587
202412147278995,Toyota,PROACE Verso,2e2904c753354314871136c88a8fe994,fuzzy,0.6950012232815426
202411096109569,Peugeot,5008,720100c61a534794b9b9d3a77ec3c076,fuzzy,0.6950000340095097
202410105032801,Citroen,Grand C4 Picasso,c25c8842680c401c84a4ba1f4b41f9f5,fuzzy,0.6997468757904945
202411156336894,BMW,2 Series Gran Tourer,4ed50306aca640778410cefca6ed9aa5,fuzzy,0.6995208509099587
202411226612586,Volkswagen,Tiguan Allspace,05d0d9a93c5d496cb2a226ac8b77dfb9,fuzzy,0.69939094617261
202410285670701,Toyota,PROACE Verso,85fe83f7966f4c0fb37f3da19cf8dad8,fuzzy,0.6950012232815426
202410245543365,Peugeot,5008,662325b8dd344b10badf4dfb5970d039,fuzzy,0.6950000340095097
202411126201468,Nissan,Qashqai+2,f394caef0fec4a2dbade663828e3f17d,fuzzy,0.6991758610077506
202412207442628,Peugeot,5008,ae8859cdc90f4606ac90e3294f7dfec7,fuzzy,0.6950000340095097
202411266742783,Nissan,Qashqai+2,76231923f0104d1485b7799b3b5fddf1,fuzzy,0.5504258706525094
202409264473175,Toyota,PROACE Verso,c9b36c1793884f7db404b851ee4b7744,fuzzy,0.6950012232815426
202412197414947,Nissan,Qashqai+2,f39dd8d5547b4a35bdb6f539c6088c01,fuzzy,0.5504258706525094
202409194221020,Peugeot,5008,20868f696a2546e19e80c51ec4f76954,fuzzy,0.6950000340095097
202411236654859,Nissan,Qashqai+2,22e0885f61e547ebad8a946f4b7e2a89,fuzzy,0.6991758610077506
202112220732138,Citroen,SpaceTourer,aa375fadaca34379a830e258a9f72a08,fuzzy,0.6953195500974798
202411216597790,Peugeot,Traveller,ffee9169fbbf4614844fe32eb688f8ba,fuzzy,0.6953195500974798
202311204139211,Nissan,Qashqai+2,3a311c5bef3643ce83bb02f53095903b,fuzzy,0.5504258706525094
202411045933790,Volkswagen,Tiguan Allspace,44b90620e89e4d44bc7b4dce67aa9177,fuzzy,0.69939094617261
202412077083082,Peugeot,5008,be5f6bcdb56e441e800c87d8736fba49,fuzzy,0.6950000340095097
202409103871204,Mercedes-Benz,GLB,f0fbf4779cd440eabdc5666a266420bb,fuzzy,0.6996913267321843
202411015837252,Nissan,Qashqai+2,d4d5438d3f5544b593a60f34bdfb180c,fuzzy,0.5504258706525094
202412057014566,Mercedes-Benz,GLB,5cd226184e894eb3978fbcc0cd9030af,fuzzy,0.6996214408726261
202409073763804,Peugeot,Traveller,44fa1c1e927f45d5a97ab31a10b3d50e,fuzzy,0.6953195500974798
202412177354596,Mercedes-Benz,GLB,7e7e7a016b6d4480950748cde163aabc,fuzzy,0.6996214408726261
202406060488832,Renault,Grand Espace,30ed45646e094b32b4b726643985fe46,fuzzy,0.577920684962144
202411196437200,Hyundai,Santa Fe,dce6d3ac60f34a04a0538ab9b462279d,fuzzy,0.69365331069874
202412187377132,Mercedes-Benz,GLB,2f4fa0fb0f954275b6845c5d198dbf68,fuzzy,0.6996913267321843
202412117185337,Kia,Sorento,d1def1d130b9445689865ce739b2d037,fuzzy,0.699822573701145
202409254417782,Hyundai,Santa Fe,d72f68b2910e4027abddd193905b2f4b,fuzzy,0.6990181567559061
202411206521894,Kia,Sorento,1cb0220783c24eebb666ae35d174d093,fuzzy,0.699822573701145
202412117177586,Mercedes-Benz,GLB,9a1ee0fea72d4eab9d0f8add65d4ff1d,fuzzy,0.6996913267321843
202412187377127,Mercedes-Benz,GLB,aeeff882d8a64273b1166a75113d2114,fuzzy,0.6996913267321843
202411076063426,Hyundai,Santa Fe,34a0501cc397494d9fe58053348d8954,fuzzy,0.695000009453016
202412187377095,Mercedes-Benz,GLB,d0f8f029e486424f8b9d2955f40447b1,fuzzy,0.6996913267321843
202409204245087,Mercedes-Benz,GLB,28942d925b4546c9a9d8c7e8dce0a498,fuzzy,0.6996913267321843
202412036961471,Hyundai,Santa Fe,47fdee67d0414751bad1b9ab9b8c51a7,fuzzy,0.6997024399406784
202410235515932,Hyundai,Santa Fe,c27dc1a322574de297283ac8791c928c,fuzzy,0.6990181567559061
202408213132724,Land Rover,Discovery Sport,12cbd14e112e493aab54373484997dd2,fuzzy,0.695000003706256
202407282235384,Kia,Sorento,8539fa55d1884779ae9bc288285f9788,fuzzy,0.6998223836559095
202412036948969,Hyundai,i800,acc7dd3225934939b9a31676b3890996,fuzzy,0.6950225768502594
202411136243986,Peugeot,5008,f432a6be249d43f99414864ea7c53dbe,fuzzy,0.6950000340095097
202412287580946,Chrysler,Grand Voyager,a9fa589ddade45feb1f356b95f73e546,fuzzy,0.6967975429193466
202412207452795,Land Rover,Discovery Sport,3e2faadcbd544324a9ceb2c42b4d741a,fuzzy,0.6950408523924995
202411076060859,Hyundai,Santa Fe,1d103e29df874603aa2a6600f2b78fba,fuzzy,0.69365331069874
202411116188795,Toyota,Land Cruiser,142167e511ec45ff8cce32097ad918f8,fuzzy,0.6998157355565536
202409073763773,Mercedes-Benz,GLB,1c68142844094a2c94aa6bf40f7b2ef3,fuzzy,0.6996913267321843
202411276774054,Chrysler,Grand Voyager,23765002449d49908262bce585d5db78,fuzzy,0.6967975429193466
202409264455891,Mercedes-Benz,GLB,2b653998a9094573ab241947d60374e3,fuzzy,0.6996913267321843
202412107165458,Renault,Grand Espace,103a630dc15842b7b4b1ab96c154f0d1,fuzzy,0.577920684962144
202412147284986,Land Rover,Discovery Sport,71ae7530006448c0843935654f215e9e,fuzzy,0.695000003706256
202412187389859,Mercedes-Benz,GLB,0a90b5364f7b42ef80b41b1b85b9d476,fuzzy,0.6996913267321843
202406241065629,SsangYong,Turismo,539da20106d943f8aafe6fe772515c27,fuzzy,0.695005724887212
202412036941740,Kia,Sorento,0a9e4bdc8a2c496b901ee99d716fd482,fuzzy,0.6998196480259519
202409274581420,Hyundai,i800,e9a9d7acce7341cea3ce0b3dff5ba778,fuzzy,0.6950225768502594
202412067066538,Citroen,e-SpaceTourer,bd931eaf9c454d5bab4dd28ca9e5fcf5,fuzzy,0.6953195500974798
202412137241412,SsangYong,Turismo,75acb6a3e6a94618a3a1949bc7280cbd,fuzzy,0.695005724887212
202412097142476,Chrysler,Grand Voyager,423fbd722b8c48a28078a923f70482b9,fuzzy,0.6972391648793929
202412197414628,Kia,Sorento,6843c45a16b94df6b490ee43cc351e0a,fuzzy,0.6998223836559095
202412187395619,Hyundai,i800,21b7c6d1a2644ba59bf70ee3e49dcb11,fuzzy,0.6950367381542084
202412207457077,Toyota,Land Cruiser,fa27592f15c64b16adc5f4969d392f0a,fuzzy,0.6998157355565536
202401065318393,Mercedes-Benz,V Class,7a2e0410bc0646a09aa182afe9fe0ff4,fuzzy,0.6998223015782498
202408072637597,Citroen,e-SpaceTourer,0b6e409a77354dc3ad8428e77e66489d,fuzzy,0.6953195500974798
202410275647039,Peugeot,e-Traveller,b84694dd65ee4ca2b00ff70c4e64f506,fuzzy,0.6953195500974798
202308120728946,Audi,Q7,25838979da4d46cea8ad64889933f5d5,fuzzy,0.6958572896404921
202409093839222,Peugeot,e-Traveller,c6500ab7c9024c0294fb5efec2ff2e63,fuzzy,0.6953195500974798
202412197414183,Audi,Q7,6888c29faf5d4015a019d56536a6d6d8,fuzzy,0.6958572896404921
202411256722924,Mercedes-Benz,V Class,9e8c6b2cb765464b95ad0825facb418f,fuzzy,0.6950000002886577
202411146284630,Audi,Q7,d4f818b9f61a4395abdb6ba08643a60c,fuzzy,0.6962765588645331
202412227487130,Audi,Q7,4489428d7fe046d0b37f61a0c1aa2927,fuzzy,0.6962765588645331
202307159678043,Audi,Q7,ea16e64d7fb64d9f9d8133343459f1e5,fuzzy,0.6962765588645331
202410145159547,Audi,Q7,fdf511ee7387465d99f4bd89a79d162b,fuzzy,0.6958572896404921
202412036973132,Mercedes-Benz,V Class,32655772da1b4246bdd680f193543ba9,fuzzy,0.6950000002886577
202409113903062,Audi,Q7,ab02e3abdf8346f09468d385dc533426,fuzzy,0.6958572896404921
202309152017105,Mercedes-Benz,V Class,ce71aaa9dcf3494cb538dfba6fb78601,fuzzy,0.6998223015782498
202411126206816,Audi,Q7,173ba0f192fe4e3fb00208839721ce40,fuzzy,0.6950102734534298
202411256722925,Mercedes-Benz,V Class,8d03ed8599b64d2e81931e6cf81c64c1,fuzzy,0.6950000002886577
202412077080456,Mercedes-Benz,GLE,9cae86aefb874722a24d84d908cc0a96,fuzzy,0.699804982289614
202409133996369,Audi,Q7,5857bc799427420e865765b143dc2e9e,fuzzy,0.6958572896404921
202405169791771,Audi,Q7,62b44bdc7ad2499d96f3625c50124342,fuzzy,0.6958572896404921
202412057017313,Mercedes-Benz,V Class,52ce2b7099de4b66834d21693485b719,fuzzy,0.6950000002886577
202411226607634,Mercedes-Benz,EQB,8771694ee0774f29889e4eca85c5e322,fuzzy,0.679469762236475
202410155228036,Genesis,GV80,f1530dd252984f3babb6bef373d4617d,fuzzy,0.6987068153377745
202412207446553,Mercedes-Benz,EQB,91bef2fd93494d4f9ccfab3a32ef782c,fuzzy,0.679469762236475
202402026162704,Mercedes-Benz,GLE,19eec78811354ebe8ba352a21f71a8a9,fuzzy,0.699804982289614
202412167334401,Mercedes-Benz,EQB,21974efebf434ca7a1ffbd70b5dfa595,fuzzy,0.679469762236475
202410044814383,Mercedes-Benz,EQB,228ab1f7316a49c99f28ebe811934637,fuzzy,0.679469762236475
202410285677895,Mercedes-Benz,GLE,1bf4cf3e83ef4e68ace408da25c51099,fuzzy,0.699804982289614
202311174065429,Toyota,Land Cruiser,abc80a78e9e847738b0c3f88bc9aa944,fuzzy,0.6998157355565536
202411206489278,Mercedes-Benz,GLE,f4cf0310140d4cc38e4aa6752442195e,fuzzy,0.699804982289614
202412127223079,Mercedes-Benz,EQB,c2ef55a1eb6a43ae97bef01f96f1114b,fuzzy,0.679469762236475
202411166346229,Audi,Q7,f1cb4674a7664f6c94e7f77d8d9dea1f,fuzzy,0.6956976133425303
202308200997897,Mercedes-Benz,R Class,9ac29e1a5bd5468aaef6bd38a21b3fab,fuzzy,0.6998212517413152
202405139667931,Mercedes-Benz,R Class,ddf64cf727b74e7e89fa6e2662a71fa6,fuzzy,0.6995778006845927
202410084962165,Mercedes-Benz,GLE,b17d3e3cf097439e94e4d1ec89e75662,fuzzy,0.699804982289614
202411126204590,Mercedes-Benz,EQB,778d98139b4e4996af9f7d949e169013,fuzzy,0.679469762236475
202412077092998,Mercedes-Benz,GL Class,4370dd79e51246018b0e984c73ec4ed7,fuzzy,0.6996110394746315
202411216584821,Mercedes-Benz,GLE,e3d8d172a918472fac0bcdc2a34a38ff,fuzzy,0.699804982289614
202412197413132,LEVC,TX,c94b0469eebb4fe18c560aefb9ae16bb,fuzzy,0.5014447509286197
202412097126545,BMW,X7,500d010e72ab41dd9f7a19b6a9cae902,fuzzy,0.6972391648793929
202410295739700,Audi,Q7,17ba214898d04d139ee1a91b131d0933,fuzzy,0.6962765588645331
202408152924121,LEVC,TX,ac5beef606914447a0f2857442ac988d,fuzzy,0.5014447509286197
202411266759673,BMW,X7,85d8c9e592a24805bd56084a609d5747,fuzzy,0.6972391648793929
202411196444494,Mercedes-Benz,GLE,8b6ca738e67d43dab33549b2fe62db2b,fuzzy,0.699804982289614
202410155217132,Mercedes-Benz,EQB,b93a6a815b7d4c6481d1777d691ad7e8,fuzzy,0.679469762236475
202412237506385,Mercedes-Benz,EQS,1759617397ac4f4785973fd763297181,fuzzy,0.6997753516823334
202410315800313,Mercedes-Benz,EQS,39a55f61393644e28ce3f81b0c2cf456,fuzzy,0.6996214408726261
202405169790861,Mercedes-Benz,GL Class,56223a09e03f4f6bb0a6538c6211d261,fuzzy,0.6998166362419247
202412137250009,Land Rover,Defender 130,3b77c547803f43269e705675a9e69623,fuzzy,0.6950000002778095
202411236652754,Mercedes-Benz,GLE,7333e17cad3c4b28940f4418c6a4dd3e,fuzzy,0.699804982289614
202410024730400,Mercedes-Benz,GLE,ab85b1140d6d48e2bfcb55986927f46e,fuzzy,0.699804982289614
202412026928566,BMW,X7,867e9d78fb1d47c49916f50c83de8345,fuzzy,0.6972391648793929
202411256722649,Mercedes-Benz,EQS,99f7cd45c1ad4a8ea90a52e3274fc22e,fuzzy,0.6997753516823334
202411015839811,Mercedes-Benz,EQS,121e5796a8604cbdb608df01cefde0aa,fuzzy,0.6996214408726261
202412057012161,Mercedes-Benz,EQS,c2a05f2f2eb74f1ebd05da4535730aca,fuzzy,0.6996214408726261
