vehicle_standard_make,vehicle_standard_model,derivative_id,imageId
Alfa Romeo,159,1bc8d27625d723ed2d721be0c6b2c2fb,a09529dbe130459d96c67626031880b4
Alfa Romeo,Giulia,0cab1ebb678d4658bd1ff38a501933c8,5436812ce8c24749a11c20a8677461a8
Alfa Romeo,Stelvio,63cd9136c8ab41578568df99829dc6e7,5dc38c7968da45bd9abc8b355eb813f9
Aston Martin,Rapide S,049b533165494102917ab9f585cd2b76,586a6bd02a64424595b2c27f9bcd9feb
Audi,A4,8aeddc2279ba4f03a108d9595c5a092e,4834e866f98c48d69a535710e2370705
Audi,A4 Allroad,0b888e44ff2242f78afbc6c6ee540bc5,a5b5432c53ea43f58b6fb7a5f2b5d2da
Audi,A4 Avant,2af5732746614da8ab307811deb7a4c5,4bdfbc76f75848f2a25ecefaddaac7d1
Audi,A5,958c9b2362de4ec7b7733c4ad20d80c0,0ee6ee5bfc124e10a0b459bdf47700e0
Audi,A5 Avant,965709c952e643d8a58628a153be5c24,b95cd805d460483ebac7206ce2cfaf86
Audi,A6 Allroad,d3f7f4688b2943ab9c6429c698ddf3da,510f8bd894f64ee0a3101ded886b15c6
Audi,A6 Avant,cd8b20ac964848bdb5b5f603d4dcb23f,60f32087c61844c29ffaf9de2a8f6e3b
Audi,A6 Saloon,22ed3974c54e4f6d99a16fbca9b90970,7eba78ccdf6f4dbf88ef2e174de26feb
Audi,A6 e-tron Avant,2c1c23b7a49840b2b673c41001be2849,cfee29839c9e46f59836b21033df8a1a
Audi,A6 e-tron Sportback,ad12b33e5f2b48b1be04bb80334fff93,83e2d3d295a7492cb8c4911ff32552dc
Audi,A7,4a63be959d204da4b94a989899ba9647,e9b0d118bd504a7c91517a6c0e4ed5c1
Audi,A8,96545337c2ca47c99a1d187285d25deb,177d970ce5454e07a9f48862f8476b1f
Audi,Q3,c0c0e281bd98471db40a0d7166d7ec5f,06b7662cf01945348503f4049bbc4edc
Audi,Q4 e-tron,0b8a293847e84db9bf080600c7cc8100,33b721681c8d4668bef1eafcd56c6f69
Audi,Q5,c1e818e7e15f4d409ff01e889e78bcba,0c75b61a66d14d96b87db8927a01f50b
Audi,Q6 e-tron,6b8e34fbf54c471eabc0a23c0223a433,fc90cd51ec2e47b0865a53328966c124
Audi,Q7,bb52456dfbd547bc8883a044c1998b42,fdeae04ae89446f4a42a186a608924ea
Audi,Q8,e8db10bb473849139c1e88e4375426e5,0f49543dbf5d46cc8918658834444a13
Audi,Q8 e-tron,323e97bc6d9d4039af35e95a9454918b,912ca04c8f5a452780d6f21c6284faaa
Audi,RS Q3,2e08df30e8304b66a8b69faa45607bb3,291fe04fee6d428fa290f30e20cd7465
Audi,RS e-tron GT,932d7ec805b8455cbdf5a80cc262eef2,32ce339df4c04f898076aa685aacdd28
Audi,RS4 Avant,68c0b0feea124eaa9e8aade91928f710,7a928f1be86849c0af17f8529f1b61e3
Audi,RS5,08b5211c4e4748adbda15c38da5a6639,1134c2e971b14b3cbb5dd5a9ec4b9806
Audi,RS6 Avant,34f2e3b27b5c46188b15ff2eb5e26cf0,7523122ed1d2461fa485492964ef4568
Audi,RS7,f32c5b4490e540d08db2f8d4edda7afd,3fce24ca30d7492d892f55c064ae8016
Audi,RSQ8,78eded95876347a697f06d2777902e23,2c2cd4f6712c4159a822ac75d9f6f935
Audi,S e-tron GT,15e3e3118e734585a694acbeba5726f3,4f9d9913420647e29973aa0accbc5cd5
Audi,S4,f7737832b54241359a4b2bf6bd10aa79,eca4c411c72d4c10aa13f3feec2d2cca
Audi,S4 Avant,fc8eb6e50e2045f383678d922c58bcb1,7de661b4dd1445a08e01bd98c93b29d1
Audi,S5,5b0de466ecd04a24b930765c95e8d868,732f1c6ae91849c186cee88673ded5ec
Audi,S5 Avant,b4f6f610449846ce82806d63bb96e2a0,ec5d2bc08cbd4561a0868de767dd5dbc
Audi,S6 Avant,b28965ab52be4a7c9e669a4d15f4ab3c,b07b81da7e1c41c8b92f8d3532e2e439
Audi,S6 Saloon,42f6c78a363548baa5b708fe90c69fa0,964f0c4642124996a7d8dfd9f208171d
Audi,S6 e-tron Avant,17098a46e7134e78bb84f503035141a4,16d219a36f7e48e69ffc67d8faf0d3d5
Audi,S6 e-tron Sportback,a87c43bfb4674c5a80e1534912d6937b,35415334839946ae8255d278fb37b591
Audi,S7,f5eab197e1344a50b1dd4ae74f4fd534,d352121ab32b4a2d9f2150d9308c07b1
Audi,S8,c77d5070ed4a4865b93cce99d58c41e1,b1bbf74f5a8a4cadbd20ce46b62a2b8f
Audi,SQ5,1db1f1c52428483786039de3ff627a30,ba0dba4adbac44288ad34b189f0524e3
Audi,SQ6 e-tron,579ad07c22ff4b18850a939c3ef7f707,cd2198aa2cc2494194e414dc91a4687d
Audi,SQ7,7778e6f4bb524af7b54c235d53ef660d,16b65915be93469d9c98801abbb6941c
Audi,SQ8,ee2d9cd7fa9b490796c74ec34f68637d,46b7cf99eda745c0aa6d0ab318ce84d4
Audi,SQ8 e-tron,5b3085f0737644f8a63f846b3d3efade,6378cdd4fcf7482aa035cd116439f813
Audi,e-tron,1abc905dbf2c499eb8d3fd3fb1bf037d,0669631519aa440993b4beaa7ca4823a
Audi,e-tron GT,3000b6e2a3384fb2a338635f6a222cd9,494de0adce8d49a3a1c51f51902b9a4e
Audi,e-tron S,293908bc1ac94c4882a7b2aea5f18b24,72818f32a2a646b2818baf3dfac02208
BMW,2 Series Active Tourer,13061a08a44547b38900d094109380b4,2dc460eebb104f3e916bd389070ea9b2
BMW,2 Series Gran Tourer,4735dc3417cb4e29af0b36ed1fd7d0bd,dec39e59d3164bf49a987824d6f4e320
BMW,3 Series,96e922609faa4c41a72f331ef49603da,f9a72ac709eb490eae7be42ca9a06538
BMW,3 Series Gran Turismo,fb23d9c2fcf0492687d013eb14e8eb2a,3f0e84a048c1453c900798bb4b801ad4
BMW,4 Series Gran Coupe,48321c3452ec444a9f812761591c47e4,fc1fad8a56ac4236971f9ed2e999096d
BMW,5 Series,9fc0bd4992fe4265a0056ee68fd4382a,22f3d26a9f0c491b87833d3fa264f0cc
BMW,5 Series Gran Turismo,b426f91ba4bc4e0797ef180f020e72d8,46cd4cc1ef7948759caa13d508943dc0
BMW,6 Series Gran Coupe,6cacbf6e079541839803abe66cf845b8,b07bd04238084b19b6aff45b79a4e9c3
BMW,6 Series Gran Turismo,b90d956d93db47bf8a435540d8dc50e2,044566f4cfb14f6c9656f884d74f766e
BMW,7 Series,c9d8382627d44c5d9c591ae505be2cc2,6f18b7f844e3451e83ec2566f3dd2a18
BMW,8 Series Gran Coupe,e31c4fbb383c4cc191e7e06857cf0b60,f64cbbd98bdb4a83aac301cdb6026e38
BMW,Alpina B8 Gran Coupe,83bc4cc941ab43219001b82fae35898f,ec271dfaff65402c83312aaabebb659b
BMW,Alpina D5,dc22c116e85949b99707dd29232c8de2,4e501c24dafc4ee9a65f638a0408f830
BMW,Alpina XD3,5ca55d0f403a48099216fbb5c2107b4f,2e1a5ea4aabb4daeb804340d313ef919
BMW,M3,f381df60646f47d09892cbe14947415b,cdfb15305b4647879a01ceb50669469e
BMW,M5,662ea457c5bd49e28f14aade91b8a31a,8b136a678b5945459fce1f936e4bb5a1
BMW,M6 Gran Coupe,f7bff4b7487640c18b0be60261bfbd01,4fbe1975ccd041ac8383a6b3d23ffbd8
BMW,M8 Gran Coupe,336f2ed2f5714d50b8674be1bfa11262,764448cb2f714e27a3d0556f2f7fbe43
BMW,X1,f73487e22cc64bbb8193d0337024afba,ec9fa9bed03e4102a3b27e36ec08b8d7
BMW,X2,cd3f3d810c8d4f358046e9e0f030eed5,310f2c70f8a64c9da50ab3cdc8a9d367
BMW,X3,c9c9140329664ddeaf544dad7ad60e36,3a964adc793e4b35bba5040f703d46d4
BMW,X3 M,4407d432665048b4ab319b5de78db76a,cb573783f6344eb6a940f5327009a5d4
BMW,X4,9d97659a0fd74573a256524dea86ab76,645cc90fd4a24ce7a34d3e5a5578f2ab
BMW,X4 M,e1e6efcc99fd4cd88281667e6d036aef,8bc73459f5d94cf8b1152118bcfca5a7
BMW,X5,93e3f2c595bd4e648b4f1089b59b2352,205fbfdb6138411296892efc9bbea97e
BMW,X5 M,6e1662e883ad45fbab3694498941cd34,5a587f378abf45bc97a1ab158506e67d
BMW,X6,047c26e7bc82473d864efe331cb38eb0,ff1a2a5dd6684ca093efb81cfac9a99c
BMW,X6 M,4f7c6c8110634eedb619cef940c52222,e089a827a2094a1db94fcab07b0231d2
BMW,X7,492892c1be974c169321157ed4c210af,aff65b357bfc4190a23599e7d5c6ef71
BMW,XM,287d1d457c5a4aaeb51d45105348d6b7,1bf06dc78ba641cf9255646c0ec8e29b
BMW,i4,8695025f395f412d89e31b3b86afb487,93310540b6db42c9998d0b4314f6e5ff
BMW,i5,5a822eec6b5c44378cefccc30d56d67b,365478efeda547a5bc42f479bb18f333
BMW,i7,0b1e8ea4a1fc458e81f704cb96fcf7c9,c5e723db457a4b78b268f6d4f2f886b9
BMW,iX,8585bf9858fc43bd85add59a0d987ff6,b33bdbc706fc4d1b958daf224625c770
BMW,iX1,c13259c5eb964ec5b9c2a020d31af976,4beb3e1b6abc4288b51c4c09b92f3515
BMW,iX2,ec5460f2493349e5ba409d3f937e0490,bf4ecf32daa54cc28e4fa44b97eaaa74
BMW,iX3,bc7afb61a80841be9b16a1bd182def68,b8fa61873317423583a098a6c91457b6
BYD,Atto 3,f39ddff60d0444ff896c17e75a42f1af,f1b57be7c2b54240964af0d57892eb1f
BYD,Seal,985c6e1e7d5c4ca6bcc09862f2ab991d,d9e4add8aabf4b97b44779ddbad62770
BYD,Seal U,bcc899fe1f2945759a5686c22790bc03,c6f6205be931418584049922c59f56b9
BYD,Sealion 7,09ad686150894f9697d1303a2279bac2,6357e6fbf3a540d9b1782f276dc0b00a
Bentley,Bentayga,7a025955ceaa4f41918f4ac050f28ebd,640f398a18e14989a2c580c94a0d30e4
Bentley,Flying Spur,121646411ae444d1bafe28a161149a27,d9805dc5650a4b318011086933b20841
CUPRA,Ateca,a9310f085bd648d683e4ea83036299bc,a5f77abbd6cf45129dc9edd973c82c09
CUPRA,Formentor,77a1e6fddcc84800bee7b0dd453a232b,33d8dcb2ecbf449b950a91b1b6e0117f
CUPRA,Leon,cad9724ceebe4a5081946a6d2d7589fb,c6402a937ca5493da71616a3982fc0ef
CUPRA,Tavascan,0e8085d2843e424fa4cee00a177ee2c2,a8e1301f27ae4714afc761f5453b1b14
CUPRA,Terramar,20dee012314f41d0bcee3d4f1ecc9926,942214f73d2348e8ad1e0207e6ddbd2b
Cadillac,STS,b02d6a8482c5aea18ba0a7562b19820b,3a248e4ad4f244e0a18e77c046d930a7
Changan,Deepal S07,6b83b6e7eef242948db62ef30fd7a6a4,dcf9ce68582946f3b98b251d8bfe8b7b
Chery,Tiggo 8,1dc361cb3f914a73a7139735e4a16baa,4206de51339146849e1f341a33cc5a47
Chevrolet,Captiva,d2489baaf88a486582662f1c9ec4d1dd,8c6832e273d641dbb5727914b189bfc2
Chevrolet,Orlando,c7bc2603c2d44938b3b938cea92031f0,997e9443a9e34061aba0b772e1bf52de
Chevrolet,Trax,9cd097b1e6084f2e9f536b309f9ee25e,1639308e35974dfb9081f1ee52fd9f27
Chrysler,300C,2c4b5ae38c5d49e98bdfb4f21d73847a,1c8ab9595bf242e197fad6aa752a021f
Citroen,Berlingo,61632df3de474367bbef998c9a1e1b7a,e58f3d8f3a1b419d95c81748dd28b498
Citroen,C-Crosser,a57949f21cb44f4f86d396f02a105199,416c116745d14d679d8a53567b7d88c8
Citroen,C3 Picasso,e9b4a28e3edd4406bc4ed363c54049c2,598d7f5859544f278ad06e3294482e8c
Citroen,C4 Picasso,58ecf22edba340feabc3d9e254ae4a2a,3c3d8b415fa24bf39fe6a60cde5abb5d
Citroen,C4 SpaceTourer,5d080480246447e196641187a237d728,6a177b2d2adc41e0a7dc6615f85c9187
Citroen,C5,45f86c04bb9b4110a0e53418c39ff367,48c111c86d764326954e9cb101f0eefe
Citroen,C5 Aircross,8fb3b73558f54328bbb862e067b489ca,9f5355f2f67d4621825d591ad8de5127
Citroen,C5 X,5c846aea15ce4f388498437c751eb675,b7ed74152f1141ce82bc277c6c7ee235
Citroen,C6,e32274b3942869d8e90f6bb71806fd7b,82fd52c6550a4df99e8fb9e09306830d
Citroen,C8,fe203b6dc49527304cb43750803ef84e,3c4bf30727ee42f1ac0225bdf5eb43cf
Citroen,DS4,b9de3eb69ede4ef3b2a88deb193409a1,640b194b7927409ab2c62a5ab71502d8
Citroen,DS5,18e8e12122644bc99d1d30ad5b121e76,f090f5970e0444feb02018b14c8e60ad
Citroen,Grand C4 Picasso,5d10e4afd503444eb7303576ec7ed8e2,c27c7254508f4470a06cd498fbae9cc0
Citroen,Xsara Picasso,c086bffb06ccac4db20fd69a731024f2,13ede2063e8e4ee8a91e472bff5b36fb
Citroen,e-Berlingo,593f669e48d54527a3b9d09f488ecbcf,cddd152e6d5041749610a6c27d16e1af
Citroen,e-C5 Aircross,199f58d1f3374f1cb714233b6e864e6f,7ebff8af013c42ce99eef161d320aa80
DS AUTOMOBILES,DS 5,66ce05de135e4ea8a959f665f67e6667,b8c54b55f7de4919b4d65326b599b87f
DS AUTOMOBILES,DS 7,e2e4d7395dfd4c1ca882ee679577ad4b,71d86f32ff534fa0bf658c7bcce9a1c4
DS AUTOMOBILES,DS 7 CROSSBACK,545801e305d14fc5b9725c6cd373b6cc,48d1e3b405ff43b8a9982ca39bcff8f5
DS AUTOMOBILES,DS 9,33449eb1ee0944b685fd2f1560070e4a,753edd9ac9cc431d95d884fd4f13f587
DS AUTOMOBILES,DS No8,a2e72cbf004447f78db180f358737640,e9b68bfc775645e394778106f974c5ef
Dacia,Bigster,40047de040df43029d4ff4dea6bd1953,6b897455f034420993781cd4b91b1eef
Dacia,Duster,c3c3b0c2703546109c4cc91c35e7e173,a0265c63e76742d58a6276069ecd26e2
Dacia,Logan MCV Stepway,132d97df59164e68b7ab4fd22ad0ca63,7f7c1fca71974e6a84da13c1431cdcf4
Daihatsu,Terios,2f142b3b6a761aeea76e806fc577ee37,f3075ed1aa3841238596ef2f57e4b5f1
Dodge,Caliber,86fb3c5b715ecc96aad332ef729805d4,e80e921f5d0e42a4bf76c0a896a37886
Dodge,Nitro,49f066daa789ec9a8893333299cfa8cd,68ea087a9e6243b8abdecb951b59e336
Fiat,Doblo,4a07c58bf9014e6cbf820d04769326f9,feb87af6d64740b5b8331f8677e76ea3
Fiat,Multipla,48da6b9efce3c5e299879a4c92784198,018b74f4a1644265a0dcb6ae2fc56689
Fiat,Tipo,e7afaaa081534612b11357d19cf77599,e5f1eb4f595a4b70a14fe9dd615ef3a4
Fisker,Ocean,881908aa890344709186b417007d9cdf,fd4333ea48e24211a20d0c4bbe78ac9c
Ford,C-Max,b8b54f43501e4d4c8d9983cf832c3d30,fb34c755fa1a499c9eb1d7c9a0f6e59e
Ford,Edge,ae474af108124463af86f02457185d04,dafa4ed7d422486a9adb5db19fa2d42c
Ford,Focus,30f6db4b9989424894f29892ac69fb9c,32075f6a954c49aa9828a8664a988c2a
Ford,Galaxy,33e24121d9d19a0d56f51e6ec54667eb,d5b266c5feba49c995ab29b060e219b2
Ford,Grand C-Max,8ad83e5e3f40485b8a06defd4f2dc472,bd18ef896c714c82a6352508d8ed0ef5
Ford,Grand Tourneo Connect,280145575984489c8f4e96fd24109a3d,453f3e49404947feb1da13037e8c2044
Ford,Kuga,83a699c0a26b4bfcb42192e1842ecef7,08cbfda8be7a4a3c8b4a069cf5458460
Ford,Mondeo,bf0b5e6bc4649ae73969de5355676c12,ce14f514e2d64b569a7e8bacea41cbfb
Ford,Mustang Mach-E,c883144e05c34691aa240522faa306c7,f89da2a619ed4a8cb0e06d519eae15f7
Ford,S-Max,3eef741820e847ecb2f2358c757f5322,9dca0ba118234312bfe57dafde09e3e8
Ford,Tourneo Connect,87d555536d3e4e2180edf74433fe14ab,87250d7f9bf942c6842732e85531ffe3
Ford,Tourneo Courier,645fb7907b194ba19044504d3cbd2762,55e5d166bc474d65afdc23e28e747e7f
Geely,Geely EX5,cba9b8559c92490d9da7a2f98b23c06a,f59ba9fc22da4247901ab8939a35d085
Genesis,G70,8827248cfb784d73bc0fc18c99332c5f,cb5f8760bfe94256b731fdde819bb7ca
Genesis,G80,b0ed85a6e31a4c39863c6ec4d34c814b,3cb36c206c184bc8a0a170d7ffde327d
Genesis,GV60,a6679762681d463c91a64c9a67631d39,130a5c8a47c44c16bf4fce39a5dccc6d
Genesis,GV70,e22174f5c1db4522b6ec9d178e8adff9,667cede5f98443639f2e6cb0030ce17f
Genesis,GV80,81db26b2469e4721926d1aab735228a2,367823bee1ad42d18e005fd28f0e5c21
Honda,Accord,761dad574e4942c9becda0ab89e011ae,bfdd89190a2d4328ac0bde2c309b3e43
Honda,CR-V,0fe1c813d6434299aba501bbc63c1b9c,3003698f644b41578ff355619191983a
Honda,FR-V,e58bd4a458162f63ccdcabecdba2b246,15f09c200c5f40e597ea63e2bcf8e7c7
Honda,HR-V,dc0759d8ba3143138a16aded9467861b,3275320cab564e7aa964e831a8b4e1b5
Honda,Legend,72e65595263ba8a22f938b34aed1d770,a66c035ce52844c4b5395479ad9d1c77
Honda,ZR-V,d8c51bc611a246de8bb1d1892306afeb,6abb351cf0594c6da3b33613c4ff627e
Hyundai,Grandeur,95763c2b16c849c9805dec25548c8324,d5542af0f42941b58de9d458fbbf7b08
Hyundai,IONIQ,f28989fc70ac4c79b0b20f63f5e9e6a7,29824706e02a4c36b21d6a8913177b5c
Hyundai,IONIQ 5,9b4ec0ce75c640148fb2a0406ca9abff,8242be9623094449adb0e17c2e89d011
Hyundai,IONIQ 6,1ed70c6d551848d1ae6d02ad63068eba,e3e516edefc34cc1b1cdc330c05bc386
Hyundai,IONIQ 9,0813f145b935437c869e9a9b767bc846,9e62725ba1ac4a04aa7e1f2d1ad528f1
Hyundai,Matrix,868da26c1a474ae99e7990e0e123dabd,369fd282508b43b6ae5d70c1b0c6fc3a
Hyundai,Santa Fe,b164c08b233349c2896550142c13e924,b61ab5d1d9e74472b8857a3d559a3bf7
Hyundai,Sonata,004b03ea07a92c0ade83fa1d27f0330a,e315d92b0bba40d6809e7d821a0946d4
Hyundai,TUCSON,21edc3e75f814c4e8c908c718d45a8b6,28013b75035a4ec0b7302dec234448d0
Hyundai,i40,963609e823d349b882cf44c5c1ee3e86,5984ba1de4ae4265aab3b15d90b2dc30
Hyundai,ix35,c14eb53544804bc3ad2e6d882e8b2a6d,b80a6d6cc8874471aaf53d80a8087296
Infiniti,EX,b1a442912493417ca2f8d67b8a5ae759,6450cca48bc44496b84136a87f0fa4e4
Infiniti,FX,2e11dea154f34727802e0c10f5935f9e,ad535c9939c84ee2b3adc6159f026cd7
Infiniti,M,1397da7e620f4bd2875dd606a84c3982,f0676440ceda4274bfb57cb3e2ae41d4
Infiniti,Q30,9230bea702d04260b070a5019dbd0d18,c252d7c4f7cf43d0acfe0ccbe05b9649
Infiniti,Q50,2822ed7c67cb4b8092ce494d5b14b342,f37d889ffa814e8f90cbc8845c46e8a8
Infiniti,Q70,2f1fe3ef13c94afc97c3049d82830e9a,5fcf689b5ad14f4ab071a3ebb00338f3
Infiniti,QX30,ed5909c780604386bc1247a5b4e6d4c0,e904cc21738346feb1200c5b84ba64c7
Infiniti,QX70,7bcf98758d814dd2bded9cd41e688c3f,b79f5167d4cf443c852c4c1976cbeb39
JAECOO,JAECOO 5,36f7aa73e61a4c25a765168518139b09,8e8288962815421dbd6508c1949ede60
JAECOO,JAECOO 7,26c6552b0c16417c837dcf6f0a1af54a,91623f710d3640878d2c628e84b7557b
Jaguar,E-PACE,04f6cdf122814ff69ac3574be105b3a2,8ca4cee437a249d88cc7481a1041c60a
Jaguar,F-PACE,6f2a11e516ed4472809f434e610581b8,f788d84e7f0940e98f72aef8134873d3
Jaguar,I-PACE,8b77080b4fda4b649600dd3edf8af6ee,3c8dc8e0f7cc4163bd170eeb0bedae01
Jaguar,X-Type,7597b75522a59aed91875ce33212ab9c,3978978a44494cfc8ebc2f65479d5ccc
Jaguar,XE,ba96441a14f84997ac17027fbbaee13e,208c528006aa40bb840689ff8327d0cb
Jaguar,XF,9727e43b6d5b4a8bb1a3d42f6108e613,e5c7e878dbcd423cb58bf514cba9cb39
Jaguar,XFR-S,1b5adbe508e14d6dbb592f2b65ff4775,2a5cf2690f164f2d95ed5a9eb123f947
Jaguar,XJ,98277cd51a21457bb8029f51c5b97be1,03e3ea63e30b49419bf216767b190de7
Jaguar,XJR,7a8b5a9c98f5a867ce7eba8c7f1e5746,f9c987e6096a432ba9bbb3843a57a4c3
Jeep,Cherokee,82a51cf824b3455e890a52edca10d25d,ebf3f89b708d4b02b0321b6fbf074d3b
Jeep,Compass,246b84aaf12c45bfa1392a6a49e668fe,ccff4d707a3f4e98aba6c753846efedf
Jeep,Renegade,51e217cc4aab4a1bbf611aa80042c2f7,d172677083954ce4acc8f58a9ca96073
Jeep,Wrangler,6bd1cdb944244a40a1e6216506eb07ca,5cf85f13c45a4a5a9c53c2fef429138c
KGM,Actyon,ef4753758c7b4456ad6c7091e6591f04,8cda95ff791b4065826aa12dd49f0d68
KGM,Korando e-Motion,d3f8994c3ee749628b223352fd22c24b,26aece9055f7450cbd0c9820f811995a
KGM,Rexton,c28e5005be27478989185ca58a0aae3c,87f296025d4f4cb584eab965c6b2aefc
KGM,Torres,744cc8921ad24dc6a1a5dbf7aa3d2c25,e59d82acba1b429980248a5a462fb6f8
Kia,Carens,8eb2d66d39134bef9dedd414c4003cde,694896fa12e9480c9f3a7f8be8ee69e4
Kia,Ceed,a13cec40889a430f9340de9f9b0b21de,7168355fdd15465eb4ac111ba590e410
Kia,EV6,18e7af7f1a4b4e95948969a7188cda77,ff203591f5964744a162282cc98a1bfd
Kia,EV9,ccb386d6097f41fa926fda28eb9a99d3,c6a4beb5847c43a29f3990eb14f75838
Kia,Magentis,5ba2256e4a0ae143b9ca75a7a3592ab5,3204cc6624484eb6bc5a5944108661bf
Kia,Niro,97286541f0f4432282cf1e9006e525b2,4c727625c1a44b7f884af9012e4aa536
Kia,Optima,15a2db6bff534a208b0dea3f0b53628d,ac8e7d39369e417696e62ba2b7b1f4bf
Kia,Sorento,6653a13008f948d39500a814ce61dae0,8cef9ad9f7174a5d9b8a01b473852ed2
Kia,Sportage,902c3f5a5e2c4da7aff5657a68e28466,80d973bf6a614d69b46bbc686fb486d9
Kia,Stinger,6a2239f60e0442f6afff9a269891c586,a15d1bc5de6345a4827f6e60be355d3c
LEVC,TX,298aa8ac03934ab1809d0d3fe842982f,8c6c86fd6a3e4fd3bace3ae4a12262e3
Lamborghini,Urus,481821abfbb04bcf84ea8df99d8cb4f7,5f767b81b8dc4200b5480017b75badac
Land Rover,Defender 110,8b20f94a4ee14334976aad8da287e5c7,149a7d6973c34acea12c047a4a9c3685
Land Rover,Defender 90,c9c421962e774d349dd1236ca4804f04,a8656d249fcc4e7c8ec30c8ff2c6b246
Land Rover,Discovery,4f12aeffe2224486af75c5839ca86c27,2a04f2da915a4f44a2b1bce976630ae0
Land Rover,Discovery Sport,c91bb7a291b4406688fe51c6659fa4bc,cd718cca1da249b3be309785c34f7901
Land Rover,Freelander 2,5dc6773459d44250898c5c808cf0b668,7316410b85ce43e8b8af80a422870db3
Land Rover,Range Rover Evoque,2bcf78b49aa1489d907996d122a88747,885d8ce62f6049feafa133b300586354
Land Rover,Range Rover Sport,c219543f3eba41e282fa2e96007b398e,21341955597e41de959c7e848a0fbd90
Land Rover,Range Rover Velar,0135a13fd89848668b70103792acdb03,afbb4a9e83d64d2babad721f94ea1f4d
Leapmotor,C10,5863bc8f1cb14c47a1ec8cf367a4fe8d,12357b894ca34af0b209a7ed7b7f9fc7
Lexus,ES,7833dc9c2a2641ff870788c722a8937e,002bcb6659f648d6b4129b28968e01a1
Lexus,GS,ce11e4592bc34f0486e479f6d802f2b2,1563e8b51fe743bc818e6982dc226123
Lexus,GS F,f2901e1f69344388befdc2c2c73f8f89,da50160eb8704d1bb37e2f2ca68e64e4
Lexus,IS,4da35ea9f2fa489796c8e9d5d300daac,aa48ddf37a7a480e88e3e94d0525beba
Lexus,LS,9bf184e081a54e2dbf41cb6aa1c72408,7013abcf2ce44ad5b4dc13b1003b27cc
Lexus,NX,aa0df8dcaa8e4405832895c33108bee6,2e6fd1095f724215b26e55af7acf06c6
Lexus,RX,4b33274f9c8c4c12aedce89668c60ff1,9df3a57d5199455ca4b64b2909a25dab
Lexus,RX L,b18b3ff95ffc440f939608bbc5fef6bc,fd3be571d85848c6b202d2e803e2f04f
Lexus,RZ,43d4fbe303544efd98121418a0e61803,d95b014032794acf872f78fc6c7278a0
Lexus,UX,8e96d14492cb40a7a637f4b6a4594e50,35d0a14b24b54b47b7be2265e27373f0
Lotus,Eletre,1e0832269f1f48a2bd364cee3d907758,31bbb4b572df4146b7b92d9cdd3d5251
Lotus,Emeya,fccca399526f4fada7f352189b0721dd,fc08fffb576448a79dfc8dde22631efa
MAXUS,Mifa 7,937479641eb24d5e93f4b0b5e75a67e8,bdea62c6de104691b4a04404287ce798
MG,GS,d99783a20c5d4a37928f5dd6deb3a2a5,080e655468b94f8a9d9209de60149018
MG,MG HS,dbac36e9ec424fcca1187d0ccabed68c,f7ac6338287d42fe9aa4d62562f884fc
MG,MG IM5,0c7e3ca8a1c149abbd62e4eca849b4c2,94bfc69bf3fa4dd4b9c967b98e13e1c9
MG,MG IM6,12fe126a3b084b438deccc85bf0e156e,cf1b50f941934482b9521339880885d0
MG,MG6,c7ffe8d0867b485295575efceb1a6d45,9680cdfd50954e63aa6a61ba73ff1717
MINI,Countryman,2ecd6433d07a4d849a18f26185f65cb5,eb5cc9e0848042d3ad6dd1243062ae2e
MINI,Electric Countryman,aaab0a8bbeac46e69638428078158809,347039225f314269b8968ff62e6fd9a0
Maserati,Ghibli,ffeeeaa7a7a24436b57e01105b0e0803,12f63d2c45434402bf24b9b492c81a53
Maserati,Grecale,36a94474fc6f4c5491dec89891f462db,ec28a4ba3c94466f9b065f55f2014b39
Maserati,Levante,cb8e398ceaea4265a78dce5e2f94afea,f76e2698bad44a6eb4024ae04b334243
Maserati,Quattroporte,ea53de71cb614d118d8653e00fed3458,a86011b44ac548228bea9968768538c1
Mazda,CX-30,4a0e42fe2c394152af60e56cf2e21c6b,98dd9fe4a53f4fd6bfda66ac98a81be1
Mazda,CX-5,4c4e6a1ad5dc48139da61435c97cb72b,711e8c88a29c4384b60f9a338189d5ea
Mazda,CX-60,1c62fef47d3142ad8cf3732289d160f0,40f3afff6f2948829199ff1fb5973143
Mazda,CX-7,780825c611254e2a9ce85d40a57dc199,71f77e33f07a47e0baeff610d2d1e349
Mazda,CX-80,8922ab050034496c9c17a09651af7b2c,7ea5c9e176d44e0c99826913b7f73312
Mazda,Mazda5,070e52d5857c3f8f8ce4423871ab8e93,df40851eb5964dbcbfcbe5d40d3ec15e
Mazda,Mazda6,b21d4947df2e4a51ab0be16c1a5f11c0,9286ef5fc8b94cc482c0233b7ae928bb
Mercedes-Benz,AMG GT,d23fcf5e12784c0b881e6780720df292,e17117abf3c04af78cb572ffca0b57ef
Mercedes-Benz,B Class,b6930f7daf694e19bf3c2c185b61a97c,bae40eacbbaf4c4cb365dc3107958a67
Mercedes-Benz,C Class,d62e472befaa40d29e3c5335091bd77f,22d8d47fa812426fb9e3ea15d9eb2e27
Mercedes-Benz,CLA,9865cea47ba541afa6dac92f114f0a82,4e0356ecf7d34f2eae0f6b6981597cd7
Mercedes-Benz,CLC Class,c3b870a820284ca9b2fc2d3419b1e7d3,90e767f069b24b069e2bbabdf4bdb8fa
Mercedes-Benz,CLS,0bee9b45e9ee0fdd522e05253728001d,ec486ef119d4405da27ccd31ee99bd41
Mercedes-Benz,E Class,ffd9e702f50d459ea7fe7382bf15aefd,8d6516b72b7f46f2b045e0b1f0ec0bfd
Mercedes-Benz,EQA,992f7bc22f0f4ad5b4af36c022364dc1,3a072bd37c844779a77010cf410f7340
Mercedes-Benz,EQB,2d91384958fc451eacb06df94d7ac81c,bce6a9c119864a2f809431f4fee93a5a
Mercedes-Benz,EQC,3ea05ed7375b434bba96dd137160271e,c3991c61feab46e38cb5ffb3120f39e2
Mercedes-Benz,EQE,a1a46c8b83184bc18c8a889adde25b84,a1d88979fdee4ccbb1ed2e391f879765
Mercedes-Benz,EQS,c65fc71fbab2449d9da7b7ecc95de7bd,c8e7823d77aa4b2bb93e0d0fc7d53dff
Mercedes-Benz,GLA,05e77a95dbe24661a83e1acc40ac815b,3b57eb2b5c9e4adf947efc18a8b72881
Mercedes-Benz,GLB,a70d26ecc394429698efbbf6efa78bb6,4ec4ec443176435eaa926a7a9bc2c54b
Mercedes-Benz,GLC,f126540e547c46b5914761d252068540,5df29e74c71f42cf8d5e2e73b93f2daa
Mercedes-Benz,GLE,c16943bc48cf431c9d2a951437db9de1,0b3cac152e3442a58aa4602cbbf6bbae
Mercedes-Benz,GLS,2fdf5eb22d174084b5bb85d479ce1f6b,61673f88f1ea4bacaed65e61f7be7f7f
Mercedes-Benz,Maybach EQS,566d8f2d14ff4e429ab81ce5d46c11e9,796b4a94d90648998a80c5ea7d97422e
Mercedes-Benz,Maybach S Class,9a1c7542f8674204a13267af92db7ac7,8740b7e395194742b7275def12ba946c
Mercedes-Benz,S Class,27404db2f1d34ceca761fc25932e4ad9,a64bb59a1bba499aa2a19ff456b54954
Mitsubishi,ASX,4f2f3eb725f74fdca832f6961f71f66a,ced5d0b97da94dadaff6a76cd24c800f
Mitsubishi,Grandis,9d6912c50d22bf41296021e8fb3e89b1,d5c2f3005eeb4ce089c270e9bbde8765
Mitsubishi,Lancer,67fbd50ff2d9467a9b10394ad8e6a29f,6a796d6bdb8a4ae4b816c26f823ca300
Mitsubishi,Outlander,7cebf711831e42a8b2d831a89f18902c,542742d0675d4febab9a31689b5c7060
Nissan,ARIYA,fdd4021e99064613aa7f19cb7e8e696b,f0e18aec99aa4fbe8e65e16de32ae84f
Nissan,Murano,5d399360aa014959a97688f574bc48aa,850d7589fe0e4e2395d98603e1278b61
Nissan,Pathfinder,318ae126d35f901cf90de8b3af90238c,641fa9cf5c8e4d659c0172d1847a191e
Nissan,Qashqai,5ac7d2242f364c11a9ff73f2b3d5dee4,d1c7538aad97462c81d77dc91f7236db
Nissan,Qashqai+2,ef7b3de40f624abd836dce07b4a5327c,d08923c6568d4fd08b0551f45439b95d
Nissan,X-Trail,81a7fdba30174ce0bdd715fb91183684,dd60188d0854492d8e04802e4974d4b2
Omoda,OMODA 9,ea0263ffda314cc0a126cdb849de9ed7,006811a93d13498ba6f727820d0b5a20
Peugeot,3008,653c80a8911744d09a62c9b1e3d8a837,f5021d1936e342449e81701965f7595e
Peugeot,308 SW,226ca9a0ad124754a66511b57c8fb838,1da9e01b0b0e4eb3b2d28f2fa1c8a634
Peugeot,4007,7f90bede7f58466da5ed713012884b58,cbc2fee7a77e476db29697d9bc1ecb2f
Peugeot,407 SW,cb31651df8da9108dd70b48e80fcb762,49e7ed368c9549fd8ce543550bc034f6
Peugeot,5008,a24e434a388c4ecaa8322519a6d16c81,0b1247bd8f3745b0b47d4b1613bf8087
Peugeot,508,f6cb78850df44c1582639233f640a55c,8081572dc0fc489ab47184d3621e03da
Peugeot,508 SW,732d73c64f6c4309a9bb55f546a8cb26,455a54baaffc481087be4e9517a77c48
Peugeot,E-3008,9fba87554fde49f19463c4395fc17567,9c7efd45ef6e436c8883d4d56820803c
Peugeot,E-5008,6fd1de950c33479780715c5070335db8,bb5a8a1c14af46fca97920e76ed0b1e2
Peugeot,Partner Tepee,96d954f5b89c0aff8b6384fb213d6b38,0d0d63b62c9445b1a6d572807e285604
Peugeot,Rifter,f2759ce90a3d4dfb804312aa467c1030,d0630033d90a432bab18b0f5fb924cfe
Peugeot,Traveller,f7ebcba432a744ed9078097f5b7101f9,b46959cd527a4c9e96fce93d765249ef
Peugeot,e-Rifter,cce0bf91ff084ca7843a43605cc42f42,1f0fa5bd6e244096b15e477b5bba455a
Peugeot,e-Traveller,79ca64d191144487b3d350cc26428480,aabf0c60301242ba87de0d3a3d858ca7
Polestar,Polestar 2,5c66b0fbd409455ab6a039bc32ef9f72,28a9239a22764aa0853fe334ffc11cfa
Polestar,Polestar 3,2b606ea405c54428b7153e774b7dc5c8,7beefe6a57db458892fd4e89683903f4
Polestar,Polestar 4,869e2488d9594ebe8b4c1d6b7ab93b7a,685f82bdd5844f94adaa738a55433e27
Porsche,Cayenne,c62a6734a0a84dd7b8eab50f144c41f1,e2de1e9624c34c98b679e0b9e1b2cb21
Porsche,Macan,378488afd045499082db4de2c727512a,a566586ba9654f8a82b62509f28bf4b3
Porsche,Panamera,28723766bca74f65aca2629cf96d38c0,458cd2f8d91144d3b28657faf1d77ffa
Porsche,Taycan,fc235a4bbe9e4e328c772e941f12c8b6,e9acb33e549f4ab99756d0693c7f360c
Renault,Arkana,6ced946c39d64ec1b9ba10ac7a7cadc0,ed2af4ac1c4c426e80e64ea01515c316
Renault,Austral,d95bd3efa1bd43b181f54e7663acbe58,f0f719ce4ed34b5ba86f22318a922446
Renault,Grand Scenic,ec32f7b511e24089a768bb3772eea336,1eb8154b08ce43bb866f874aecb6d7f9
Renault,Kadjar,f6d863c0c13042d3b367c57e60ffe32b,a76de17ab67b440e9efe6feae5278944
Renault,Kangoo,1601df147b6f466199753f426cd8c508,5176a5c6d7fb41a4897a64b9382843d9
Renault,Koleos,e97392645ba9459db3a15877ae511cf2,031b6f862b3f48d58e113557573c3cbb
Renault,Rafale,2d0e94f4c7354015ac959136b6c272a2,8cb6a29ce0f645529e8b0a5aac4e67b3
Renault,Scenic,cb1f719d53f547e88c05ab898a7914a6,3a6875c6104d4a12ba5450cba381b582
Renault,Scenic E-Tech,37a5cd07409c45da954bb42655a079e9,fb557e34b2ae48738e48617ec1edcd04
Renault,Scenic Xmod,f1d63669032546dfa7ac4bfc67051a7a,4c6a9d0229334a2685c3c5111d8b9d9c
Renault,Symbioz,568eeda368d34f4c914490dc4b52efa4,013f629627ca4f58bfdfdd7dae92f1c3
Rolls-Royce,Ghost,75b774f6555b4384b04a4b946db6c179,ec6501544fae4e1185c6a5c5821e47b4
Rolls-Royce,Ghost Series II,064d6ccc7201423b8c20e391ff2c51a7,40af9b11388e495caff1ec7e6635cb19
SEAT,Alhambra,a4604b4d5df74feb8435f72aeef8497f,6ec7c9c653834219ad8a1f858bdf23cc
SEAT,Altea XL,aa29b5ba36a646eaa34f43460ea5f34b,b4bc4d07fb17458f8e0e11c6a2c5774a
SEAT,Ateca,6db9aea7582043d48862b7b54e143846,a6429c8ac8db47ee8ea7ed4643a7b6f4
SEAT,Exeo,14ada97ab2134134bfd6d56238dbdbba,4373a27b521145758f157c70d3a592cc
SEAT,Tarraco,7d36b7aa2bf148ecbbf4e933e6002fd1,2b59ab3ee4e14e6ab39e07c1ba505f6b
Saab,9-5,e04cacaa8c623b08009d50497da9bf02,3cfdce87adc14403b1622cc027c77eb7
Skoda,Elroq,bb24741ec6e245b28f2362d5f661abb9,61db1e7fea7340dc9a12d1d346964ebd
Skoda,Enyaq,0517d01a8ae347729fb6ef264eb13fe1,a97091ee643e490dbe863ad82bd14ee4
Skoda,Karoq,a7b4deea09a44e56a8dc0cf2efe09bba,095d9a08441b4cdca3d855f7cfee2de4
Skoda,Kodiaq,022f108cb702400ea576bb0ccfef5bf1,9ed886a98baf4ec4af7c6feb70ef6f00
Skoda,Octavia,6bba34cdfc24413f939e41f01b785bef,88e38a3eef2f42a389e6dcde7d7cbab5
Skoda,Superb,1aa9187e7de94451939ea9d1804e053b,2326326335284b788f1fb7c981094d20
Skoda,Yeti,8bd79390d6a54ddb87391f47cfac898b,858457b1709a42ba87d541bdc0bbc2f0
Skywell,BE11,fab05e93710e4589a0d0193a6e2baf5e,d11076ee86bd4027916e5a297959d77e
Smart,#5,378489ea271c49d3b3d6fd6b04339d59,5206873a79264d91b4fb37f59c31a042
SsangYong,Korando,a74151cd2e00490aa2d66218af5e17e0,0e320f71f1a34dca87e9c9e513ff30a0
SsangYong,Korando e-Motion,8a72afa99cb6406db83c5c5ae19ae684,fc46d1de9f34484a82ec3fbcdb055450
SsangYong,Tivoli,1e82ddb0644242e2bf75eaa28cbb6628,230446f7185042e08b635fa2defa8a87
SsangYong,Tivoli XLV,11aae82b0016482ca6236306f2711514,b58d03dee7e64908bc8f09f68244b48d
Subaru,Crosstrek,c5799691739249b8bd841fcf663752c0,49e48d708c8149848f261007769c4626
Subaru,Forester,cb4aaf2f0d034c1ba8525f1643bc6a05,8ac69c0f50c64bd8b0952ac65095c258
Subaru,Impreza,8e6f39f1397340b193b4cb28cb3980c8,4428b60fcb304b7b83bfd71396eb74e3
Subaru,Legacy,991f6ccf01c37475838227a22d0c7663,71470a99a7194937bab1604efb562a18
Subaru,Levorg,4bde3b48a6a541849932407d538d3ef2,c7594e9b0c9840fdb1f7a3bd449b79a0
Subaru,Outback,f65581fb96d645deb11732daec81ebe7,d929a5cf49fc44aabdf3bfa026526be7
Subaru,WRX STI,47d7c188fe044aeba966ff91946eb9ad,23fdb4d6c9ec4689ad2ba1509ff3b1b2
Subaru,XV,07922847033441fdaef947e6d063d53b,21077e7478794e7796814f925292b5d6
Suzuki,Across,3ec4b31d1a114aa5bbffa26643c5ba67,5d9f3da71b3b4c8c98ba7ca25c6d93e7
Suzuki,Grand Vitara,b271003a38274f91b5a8076e61c66cbd,b946f3e469d4473c97c3026927a47d03
Suzuki,Kizashi,57bea885e21741b3a7bf894021997f7b,1983309be2524f178daf223d928131fa
Suzuki,Swace,a661ab6989064efaa9b6e5893b6ed022,f712b18ac6074fcf91e48eb19f8b1888
Tesla,Model 3,ef57edc1b0f44926b529cc5ec67a1d47,b2e681256d3b429cac4e909b0ecfad0b
Tesla,Model S,66cb6e702ac64393872e71c7175a27f0,1047a142f1b44bb3bbc47219954f7c54
Tesla,Model X,b93238c71fee45b89ed9f35012090efe,c00cf4f6ac18421cae2590cc0732222b
Tesla,Model Y,d4af57caacd3410cad115e0cd7982326,e5b3035b89db444c81fd8f79ec529cb7
Toyota,Avensis,cf4f21fa55df31ac16900863c15782b3,859b4500e63e4a379c4e40b8e63c1fd3
Toyota,C-HR,b589463f17c5424ea4d513ae15bd41b4,db83cf35c5ce44939eaf015e7dbf51eb
Toyota,Camry,cf36db02be914cadb3c0070bf6906de4,19b20dd5b5c34411ab720f4b7a0f7b2d
Toyota,Corolla,a430df1ab5874ddfb820b946583cc1d2,aa3f6cad88d148eca0a408a0b3d1affc
Toyota,Land Cruiser,c27375f208804d079705831509aaf72a,1a38406d1bbf44a68d1d8fa56a43618e
Toyota,PROACE CITY Verso,6be64480c83640f091c283dd124846a7,cfcea1fa47704b1a82729a0c81719f91
Toyota,PROACE Verso,457c6e0e0f4e49f7be5c2d2daa4a6140,5d98bc4fd4534857b7ee608af4cdeb11
Toyota,Prius,3e41fc78912c4c94b877702db89918fd,811d230069cb4c33a9884da8db77f818
Toyota,Prius+,053efe16b90746b1bb1e38e6a0c2c347,458d080c3eb94d52ba0bf3eeb73b5ee7
Toyota,RAV4,e5c2c2ef3c204e34ad402a47c52f7655,8e30b1f1de2548b796ca123bf394d220
Toyota,Verso,a4b0542167de4fd5ab66d9cc22d4d9e1,0ec3224d09804c39afd8caa96c18b831
Toyota,Yaris Cross,128751d5ab604880ae20f844ffeb4d7c,b4ebe252961a4cfc88fc0f0191f89940
Toyota,bZ4X,35ed5c558b0f41d09864dc6da3421d68,fbdcd02226d4483992c410aee6f211a0
Vauxhall,Antara,be0e88762a3d4ec2a3a59b056c828ed9,53c99e42db4e4713befc2546ba448bd3
Vauxhall,Combo Life,7e3524c5eb9a49b09ec34378c3315654,b57c963c8fd546208370d6b0ac710521
Vauxhall,Combo Life Electric,34acb45b5a3744ea8c2615c48245cfb7,203f8f253b90401bb984b11ef7092ae6
Vauxhall,Grandland,81050994df5d4be584def548a4c25f87,cecb581847024e308bd5de9c1305871b
Vauxhall,Grandland Electric,87a401fdc378445cb8939e4af8b33791,5f0118036630422ba249a233503f0461
Vauxhall,VXR8,51824b914b8f49f0a77291f599cf6490,06d30ddd8a8e44a08602a3e1bc1efddb
Vauxhall,Vectra,c4fd303fe2448fd00a9578e8c388cd95,8798e7eae63f46ae9513083f6e752eaa
Vauxhall,Zafira Tourer,0e0c0badbb9b415fb334889618d14f27,e854e902275445b8896510ce8f7d0b50
Volkswagen,Arteon,c2bf0aa04a294491a869d3fdf7c10670,a9f816a2c2cd4161a812b453851c9731
Volkswagen,CC,1be63d88facb40599fa6c06fce01aa27,51d37582048b4ac2ba8d68aa28236c98
Volkswagen,Caddy,0c68f9d9089a4e5b8540aa12b1164aed,15971a31dc4d4b238e419132f93fa13c
Volkswagen,Caddy California,38514234a46441fca90b53b64ccd5156,cf8b92da58dd4b5e81c7a76b80b6cb78
Volkswagen,Caddy California Maxi,6c40dae9bd69427baeb0a68cd5d6067c,dc459d2b0feb419da86ea7d42a2d3ba9
Volkswagen,Caddy Life,d67bac77fba7411b863ea29edc8718a8,197657e9e7d043d8a55f7a0c3e094a39
Volkswagen,Caddy Maxi,7849db770135438a8e2a2159909a3088,e3db5d3a9ae64efa8525d70d563caea0
Volkswagen,Caddy Maxi Life,04e2c71c191d405ca813241379184775,15b20a0005f74c7cb1e899ee6edca7b4
Volkswagen,Golf,15420644affe4b1486d2990002c72ce8,ad2dd3fb874047ed876a750fd7077d45
Volkswagen,Golf Plus,828c52f9bf4f4c548519ea5528fcd20f,402c4ed5e7ca4911831e90fbdb1fb6f7
Volkswagen,Golf SV,d336850bbc9443bf9739176baeba636c,9d607e4134a945e383f95810e12077b7
Volkswagen,ID. Buzz,11dcca04c53a44c4b113e9eed29bca49,53bd636efd634fc9bc402ff307eb5c62
Volkswagen,ID.4,fb8f77f918594443986a1297b9d58846,b3df1c23fc244a409a6cc0beddc82670
Volkswagen,ID.5,aea727988d08469fb6d2d1efae41b810,458c732596c14ceca31e2d1f58e42725
Volkswagen,ID.7,225c2eef079d431cb0a1ca60098adb65,4cf9200e573c473795b67313b79f3b5d
Volkswagen,Jetta,369cd9482a9445cb8faf64350be98ab2,100d623730ba449ea689507889b1342b
Volkswagen,Multivan,57d7518133d6483494db924cb35e6944,466c1caf13324f1780f434cd784e9def
Volkswagen,Passat,2c0f638ab5b64bb0a38c1e4b33e12709,b44a18a494754c44a2b8d0b3372fe7e6
Volkswagen,Phaeton,ab95bbc4071a482a8f75a3684614b021,c1fc63d6d3d14c048986f3f8a29a4b21
Volkswagen,Sharan,c449d5ebe0004bc4be2a2013c9c9a671,e0f737447e044f26b4db2a7900f24b7b
Volkswagen,Tayron,b4119f5bc1484de5bcf5d7691e85f247,37e8bc70061f41f7b6863f1f31f9cfc0
Volkswagen,Tiguan,6c78fa44ad814884b72ad237a134e430,9ada22e41c77476886eeb80a4f177135
Volkswagen,Tiguan Allspace,145c3133bef54b348229101a1c674bd0,66bb54d2feb8484fa86d54b861d90c45
Volkswagen,Touareg,7948bac9c52d4945af94fc5d215ca17d,382dfcf0ef7140de87e129ca6a80d187
Volkswagen,Touran,f0d561e327c94d5fa92430d67631c1d7,ba0f945cc12941a7b694641276667433
Volvo,C40,836b3d6e2894411db8af9fbcc7841bca,b670bd3cbdc34dd1884d9bd32dc52a71
Volvo,EC40,0f43efc29b5f41b38ff9814921192944,2832a7af9bd24987b070115ed5f9a078
Volvo,EX40,703fd3b75df449549a551618d4b3b932,acf407d27e5745129827329e34e058f7
Volvo,EX90,a26c5b3096214a8e83dad2e85a38fb49,d41987cedeb54f489738b9428955837a
Volvo,S60,6fc41c85775642f29ad16c9a5fe9346f,b3162a011c77407eb7c536c36d1f5489
Volvo,S90,f0072a1bbc254e8abf5ee3df6b543635,5f6f75d0446c4ab4ae39262b3a27cec0
Volvo,V60,88936324bac14f48b47f585cb3d8f820,b69fd1b02bf64b0385bb9f8d2e538f6e
Volvo,V60 Cross Country,730dd52420e54f4caf0241381ecc7bd2,cc3443f0222746d897ddab89aee950fb
Volvo,V90,4c6976ca407d4d19bc16564d3c9401d1,e04900057f564f1d9d67cc5db35deb6a
Volvo,V90 Cross Country,a96373c2ac65451c976228061a3b4152,db432d90d683453ca0b7df98d1a23bb9
Volvo,XC40,182e712d5992434d916e9a4245153e06,0f1a1e5ca29e4c039aa0c3ca3bd786c6
Volvo,XC60,d4ad647d76d246bbac0754eb6bada42b,e7ec051da3d341a291a25fd3f02a7bdc
Volvo,XC70,44c9c7a20232421b94f10a37f055ab40,2f5c33406b4a491e9e1a2c7d1b196651
Volvo,XC90,f93c671397a0415fa2778a2222cb9fa3,2bac480207954a36869b7e8e446bb44f
XPENG,G6,66742228e6924217b6cfadcdb6d9d1a2,bd76c0a71069499191c2cd494663e188
